{"url": ["https://www.icpsr.umich.edu/web/HMCA/studies/36743/summary"], "name": ["Health Reform Monitoring Survey, United States, Third Quarter 2015"], "description": ["In January 2013, the Urban Institute launched the Health Reform Monitoring Survey (HRMS), a survey of the nonelderly population, to explore the value of cutting-edge, Internet-based survey methods to monitor the Affordable Care Act (ACA) before data from federal government surveys are available. Topics covered by the third quarter 2015 survey (the tenth round of the HRMS) include self-reported health status, type of and satisfaction with health insurance coverage, access to and use of health care, out-of-pocket health care costs, health care affordability, health insurance literacy, feelings of unfair treatment by doctors and other health care providers, and rating of neighborhood characteristics. Additional information collected by the survey includes age, gender, sexual orientation, marital status, education, race, Hispanic origin, United States citizenship, housing type, home ownership, internet access, income, employment status, employer size, body mass index, and whether the respondent reported an ambulatory care sensitive condition or a mental or behavioral condition."], "datePublished": ["N/A"], "language": ["N/A"], "creator": [[{"affiliation": ["Urban Institute"], "@type": "Person", "name": "Holahan, John"}, {"affiliation": ["Urban Institute"], "@type": "Person", "name": "Long, Sharon K."}]], "metadataProvider": ["N/A"], "contact": ["N/A"], "associatedParty": ["N/A"], "licenseInformation": ["https://www.icpsr.umich.edu/web/ICPSR/studies/36743/terms"], "downloadLink": ["N/A"], "keywords": [["Affordable Care Act", "health", "health care access", "health care costs", "health care reform", "health care services", "health insurance"]], "geographicCoverage": ["N/A"], "westBoundingCoordinate": ["N/A"], "eastBoundingCoordinate": ["N/A"], "northBoundingCoordinate": ["N/A"], "southBoundingCoordinate": ["N/A"], "dateCreated": ["N/A"], "temporalCoverageEndDate": ["N/A"], "license": ["https://www.icpsr.umich.edu/web/ICPSR/studies/36743/terms"], "distribution": ["N/A"], "distributionInfo": ["N/A"], "identifier": ["N/A"], "accessibilitySummary": ["N/A"], "version": ["N/A"], "temporalCoverage": ["N/A"], "publisher": ["N/A"], "spatial": ["N/A"], "citation": ["N/A"], "genre": ["N/A"], "modificationDate": ["N/A"], "image": ["N/A"], "thumbnailUrl": ["N/A"], "headline": ["Health Reform Monitoring Survey, United States, Third Quarter 2015"], "abstract": ["N/A"], "theme": ["N/A"], "creditText": ["N/A"], "producer": ["N/A"], "author": ["N/A"], "spatialCoverage": ["N/A"], "sponsor": ["N/A"], "size": ["N/A"], "sameAs": ["N/A"], "publication": ["N/A"], "provider": ["N/A"], "position": ["N/A"], "measurementTechnique": ["N/A"], "material": ["N/A"], "maintainer": ["N/A"], "locationCreated": ["N/A"], "issn": ["N/A"], "isPartOf": ["N/A"], "isBasedOn": ["N/A"], "isAccessibleForFree": ["N/A"], "includedInDataCatalog": ["N/A"], "editor": ["N/A"], "editEIDR": ["N/A"], "copyrightYear": ["N/A"], "copyrightNotice": ["N/A"], "copyrightHolder": ["N/A"], "contributor": ["N/A"], "contentReferenceTime": ["N/A"], "contentLocation": ["N/A"], "character": ["N/A"], "acquireLicensePage": ["N/A"], "accessModeSufficient": ["N/A"], "about": ["N/A"], "rights": ["N/A"], "relation": ["N/A"], "qualifiedRelation": ["N/A"], "qualifiedAttribution": ["N/A"], "previousVersion": ["N/A"], "nextVersion": ["N/A"], "landingPage": ["N/A"], "isReferencedBy": ["N/A"], "hasVersion": ["N/A"], "hasPolicy": ["N/A"], "hasCurrentVersion": ["N/A"], "useConstraints": ["N/A"], "status": ["N/A"], "spatialRepresentationType": ["N/A"], "scope": ["N/A"], "purpose": ["N/A"], "otherLocale": ["N/A"], "metadataProfile": ["N/A"], "metadataLinkage": ["N/A"], "metadataIdentifier": ["N/A"], "environmentDescription": ["N/A"], "contentInfo": ["N/A"], "ResearchInfrastructure": ["N/A"], "EssentialVariables": ["N/A"], "potentialTopics": ["N/A"]}