{"url": ["https://data.world/exercises/linear-regression-exercise-1"], "name": ["Linear Regression Exercise 1"], "description": ["--- {\"editor\":\"markdown\"} --- # Multiple Linear Regression Challenge ### **Background**These data were aggregated from a number of sources including the American Community Survey (census.gov), clinicaltrials.gov, and cancer.gov. Most of the data preparation process can be viewed [here](https://data.world/nrippner/cancer-trials).### **Your Task: Build a multivariate Ordinary Least Squares regression model to predict *\"TARGET_deathRate\"***##### **Deliverables**a. Your final model equationb. The statistical software output including (adjusted) R-squared and Root Mean Squared Error (RMSE)c. Your code file (if you used a programming language)d. Model diagnostics including statistics and visualizations:- Assess linearity of model (parameters) - Assess serial independence of errors - Assess heteroskedasticity - Assess normality of residual distribution - Assess multicollinearitye. Model selection:- Implement k-fold (k=10) cross validation f. Your interpretation of the modelg. Other factors to consider:- Are there any outliers? - Are there missing values? - How will you handle categorical variables? **** ## **Good Luck and Have Fun!** ****### **Data Dictionary**View Data Dictionary: [https://data.world/exercises/linear-regression-exercise-1/data-dictionary]Key:(*a*): years 2010-2016(*b*): 2013 Census Estimates------------------------------------- "], "datePublished": ["2016-12-21"], "language": ["N/A"], "creator": ["Data Exercises"], "metadataProvider": ["N/A"], "contact": ["N/A"], "associatedParty": ["N/A"], "licenseInformation": ["N/A"], "downloadLink": ["N/A"], "keywords": [["exercises", "coursework", "linear regression", "ols", "ordinary least squares", "regression", "cancer", "machine learning", "data mining", "beginner", "intermediate", "missing values", "imputation", "health", "public health", "education"]], "geographicCoverage": ["N/A"], "westBoundingCoordinate": ["N/A"], "eastBoundingCoordinate": ["N/A"], "northBoundingCoordinate": ["N/A"], "southBoundingCoordinate": ["N/A"], "dateCreated": ["N/A"], "temporalCoverageEndDate": ["N/A"], "license": ["N/A"], "distribution": ["N/A"], "distributionInfo": ["N/A"], "identifier": ["N/A"], "accessibilitySummary": ["N/A"], "version": ["N/A"], "temporalCoverage": ["N/A"], "publisher": ["N/A"], "spatial": ["N/A"], "citation": ["N/A"], "genre": ["N/A"], "modificationDate": ["N/A"], "image": ["N/A"], "thumbnailUrl": ["N/A"], "headline": ["Linear Regression Exercise 1 - dataset by exercises | data.world"], "abstract": ["N/A"], "theme": ["N/A"], "creditText": ["N/A"], "producer": ["N/A"], "author": ["N/A"], "spatialCoverage": ["N/A"], "sponsor": ["N/A"], "size": ["N/A"], "sameAs": ["N/A"], "publication": ["N/A"], "provider": ["N/A"], "position": ["N/A"], "measurementTechnique": ["N/A"], "material": ["N/A"], "maintainer": ["N/A"], "locationCreated": ["N/A"], "issn": ["N/A"], "isPartOf": ["N/A"], "isBasedOn": ["N/A"], "isAccessibleForFree": ["N/A"], "includedInDataCatalog": ["N/A"], "editor": ["N/A"], "editEIDR": ["N/A"], "copyrightYear": ["N/A"], "copyrightNotice": ["N/A"], "copyrightHolder": ["N/A"], "contributor": ["N/A"], "contentReferenceTime": ["N/A"], "contentLocation": ["N/A"], "character": ["N/A"], "acquireLicensePage": ["N/A"], "accessModeSufficient": ["N/A"], "about": ["N/A"], "rights": ["N/A"], "relation": ["N/A"], "qualifiedRelation": ["N/A"], "qualifiedAttribution": ["N/A"], "previousVersion": ["N/A"], "nextVersion": ["N/A"], "landingPage": ["N/A"], "isReferencedBy": ["N/A"], "hasVersion": ["N/A"], "hasPolicy": ["N/A"], "hasCurrentVersion": ["N/A"], "useConstraints": ["N/A"], "status": ["N/A"], "spatialRepresentationType": ["N/A"], "scope": ["N/A"], "purpose": ["N/A"], "otherLocale": ["N/A"], "metadataProfile": ["N/A"], "metadataLinkage": ["N/A"], "metadataIdentifier": ["N/A"], "environmentDescription": ["N/A"], "contentInfo": ["N/A"], "ResearchInfrastructure": ["N/A"], "EssentialVariables": ["N/A"], "potentialTopics": ["N/A"]}