{"url": ["https://catalog.data.gov/dataset/test-of-advanced-fine-water-mist-nozzles-in-a-representative-spacecraft-atmosphere-phase-i"], "name": ["Test of Advanced Fine Water Mist Nozzles in a Representative Spacecraft Atmosphere, Phase I - CKAN"], "description": ["Fine water mist is being considered as a replacement technology for fire suppression on the next generation of manned spacecraft. It offers advantages in performance, ease of cleanup, compatibility with on-board environmental systems, and ability to recharge during a mission. ADA Technologies has designed a prototype hand-held extinguisher that is being tested at ambient environmental conditions. In this SBIR program ADA Technologies proposes to advance this prototype with a new design for a reduced-momentum nozzle to generate a fine water mist that can be discharged into confined and obstructed spaces to attack hidden fires as well as open fires in manned spacecraft. In Phase I multiple nozzle concepts will be designed, fabricated, and competed to identify the most promising concepts. In addition, we will adapt a vacuum chamber at team member Colorado School of Mines to evaluate the advanced nozzles against fires in an atmosphere of 34% oxygen and 7.6 psia total pressure, representative of the conditions in manned spacecraft. These tests will validate the efficacy of Fine Water Mist at these nonstandard atmospheric conditions. Phase I products will include a comprehensive specification for a beta prototype hand-held FWM extinguisher that incorporates the best advanced reduced momentum nozzle.In Phase II we will carry the beta prototype design forward to testing in microgravity and develop a plan for flight qualification of the hardware. We will work with a partner experienced in the production and qualification of flight test fixtures and experiments. ADA will partner with a commercial supplier of fire protection equipment to take this technology into the broader commercial marketplace, targeting aerospace and flammable fuels storage as early market segments."], "datePublished": ["N/A"], "language": ["N/A"], "creator": ["N/A"], "metadataProvider": ["N/A"], "contact": ["N/A"], "associatedParty": ["N/A"], "licenseInformation": ["N/A"], "downloadLink": ["N/A"], "keywords": ["completed glenn-research-center"], "geographicCoverage": ["N/A"], "westBoundingCoordinate": ["N/A"], "eastBoundingCoordinate": ["N/A"], "northBoundingCoordinate": ["N/A"], "southBoundingCoordinate": ["N/A"], "dateCreated": ["N/A"], "temporalCoverageEndDate": ["N/A"], "license": ["N/A"], "distribution": ["N/A"], "distributionInfo": ["N/A"], "identifier": ["N/A"], "accessibilitySummary": ["N/A"], "version": ["N/A"], "temporalCoverage": ["N/A"], "publisher": ["N/A"], "spatial": ["N/A"], "citation": ["N/A"], "genre": ["N/A"], "modificationDate": ["N/A"], "image": ["N/A"], "thumbnailUrl": ["N/A"], "headline": ["Test of Advanced Fine Water Mist Nozzles in a Representative Spacecraft Atmosphere, Phase I - CKAN"], "abstract": ["N/A"], "theme": ["N/A"], "creditText": ["N/A"], "producer": ["N/A"], "author": ["N/A"], "spatialCoverage": ["N/A"], "sponsor": ["N/A"], "size": ["N/A"], "sameAs": ["N/A"], "publication": ["N/A"], "provider": ["N/A"], "position": ["N/A"], "measurementTechnique": ["N/A"], "material": ["N/A"], "maintainer": ["N/A"], "locationCreated": ["N/A"], "issn": ["N/A"], "isPartOf": ["N/A"], "isBasedOn": ["N/A"], "isAccessibleForFree": ["N/A"], "includedInDataCatalog": ["N/A"], "editor": ["N/A"], "editEIDR": ["N/A"], "copyrightYear": ["N/A"], "copyrightNotice": ["N/A"], "copyrightHolder": ["N/A"], "contributor": ["N/A"], "contentReferenceTime": ["N/A"], "contentLocation": ["N/A"], "character": ["N/A"], "acquireLicensePage": ["N/A"], "accessModeSufficient": ["N/A"], "about": ["N/A"], "rights": ["N/A"], "relation": ["N/A"], "qualifiedRelation": ["N/A"], "qualifiedAttribution": ["N/A"], "previousVersion": ["N/A"], "nextVersion": ["N/A"], "landingPage": ["N/A"], "isReferencedBy": ["N/A"], "hasVersion": ["N/A"], "hasPolicy": ["N/A"], "hasCurrentVersion": ["N/A"], "useConstraints": ["N/A"], "status": ["N/A"], "spatialRepresentationType": ["N/A"], "scope": ["N/A"], "purpose": ["N/A"], "otherLocale": ["N/A"], "metadataProfile": ["N/A"], "metadataLinkage": ["N/A"], "metadataIdentifier": ["N/A"], "environmentDescription": ["N/A"], "contentInfo": ["N/A"], "ResearchInfrastructure": ["N/A"], "EssentialVariables": ["N/A"], "potentialTopics": ["N/A"]}