{"url": ["https://catalog.data.gov/dataset/habitat-areas-of-particular-concern"], "name": ["Habitat Areas of Particular Concern - CKAN"], "description": ["The purpose of HAPCs is to focus conservation, management, and research efforts on subsets of EFH that are vulnerable to degradation or are especially important ecologically for federally managed fish. The HAPC designation alone does not confer additional protection or restrictions to an area, but helps to focus EFH conservation, management, and research priorities. HAPC designation is a valuable way to acknowledge areas where we have detailed information on ecological function and habitat vulnerability, indicating a greater need for conservation and management. In some instances the Councils and NMFS may develop fishery management measures to conserve the habitat within the HAPC.HAPCs are a subset of EFH that deserve special attention because they provide extremely important ecological functions and/or are especially vulnerable to degradation. For instance, HAPC designation may be warranted for areas that play a vital role in the reproductive cycle of a managed species (e.g., grouper spawning sites) or areas that contain a rare habitat type (e.g., corals) that may be sensitive to disturbance from fishing or other human activities.Councils may designate an area as a HAPC for one or more of the following reasons:The habitat provides important ecological functionsThe habitat is sensitive to human-induced environmental degradationDevelopment activities are, or will be, stressing the habitatThe habitat type is rare."], "datePublished": ["N/A"], "language": ["N/A"], "creator": ["N/A"], "metadataProvider": ["N/A"], "contact": ["N/A"], "associatedParty": ["N/A"], "licenseInformation": ["N/A"], "downloadLink": ["N/A"], "keywords": ["atlantic-ocean caribbean-sea gulf-of-mexico pacific-ocean"], "geographicCoverage": ["N/A"], "westBoundingCoordinate": ["N/A"], "eastBoundingCoordinate": ["N/A"], "northBoundingCoordinate": ["N/A"], "southBoundingCoordinate": ["N/A"], "dateCreated": ["N/A"], "temporalCoverageEndDate": ["N/A"], "license": ["N/A"], "distribution": ["N/A"], "distributionInfo": ["N/A"], "identifier": ["N/A"], "accessibilitySummary": ["N/A"], "version": ["N/A"], "temporalCoverage": ["N/A"], "publisher": ["N/A"], "spatial": ["N/A"], "citation": ["N/A"], "genre": ["N/A"], "modificationDate": ["N/A"], "image": ["N/A"], "thumbnailUrl": ["N/A"], "headline": ["Habitat Areas of Particular Concern - CKAN"], "abstract": ["N/A"], "theme": ["N/A"], "creditText": ["N/A"], "producer": ["N/A"], "author": ["N/A"], "spatialCoverage": ["N/A"], "sponsor": ["N/A"], "size": ["N/A"], "sameAs": ["N/A"], "publication": ["N/A"], "provider": ["N/A"], "position": ["N/A"], "measurementTechnique": ["N/A"], "material": ["N/A"], "maintainer": ["N/A"], "locationCreated": ["N/A"], "issn": ["N/A"], "isPartOf": ["N/A"], "isBasedOn": ["N/A"], "isAccessibleForFree": ["N/A"], "includedInDataCatalog": ["N/A"], "editor": ["N/A"], "editEIDR": ["N/A"], "copyrightYear": ["N/A"], "copyrightNotice": ["N/A"], "copyrightHolder": ["N/A"], "contributor": ["N/A"], "contentReferenceTime": ["N/A"], "contentLocation": ["N/A"], "character": ["N/A"], "acquireLicensePage": ["N/A"], "accessModeSufficient": ["N/A"], "about": ["N/A"], "rights": ["N/A"], "relation": ["N/A"], "qualifiedRelation": ["N/A"], "qualifiedAttribution": ["N/A"], "previousVersion": ["N/A"], "nextVersion": ["N/A"], "landingPage": ["N/A"], "isReferencedBy": ["N/A"], "hasVersion": ["N/A"], "hasPolicy": ["N/A"], "hasCurrentVersion": ["N/A"], "useConstraints": ["N/A"], "status": ["N/A"], "spatialRepresentationType": ["N/A"], "scope": ["N/A"], "purpose": ["N/A"], "otherLocale": ["N/A"], "metadataProfile": ["N/A"], "metadataLinkage": ["N/A"], "metadataIdentifier": ["N/A"], "environmentDescription": ["N/A"], "contentInfo": ["N/A"], "ResearchInfrastructure": ["N/A"], "EssentialVariables": ["N/A"], "potentialTopics": ["N/A"]}