{"url": ["https://data.world/covid-19-data-resource-hub/covid-19-case-counts"], "name": ["COVID-19 Activity"], "description": ["--- {\"editor\":\"simple\"} --- File formats available for download include comma-separated values (.csv) and Tableau Hyper file (.hyper).Visit the [COVID-19 Data Hub](https://www.tableau.com/covid-19-coronavirus-data-resources), a free resource page, to learn more about these curated data sources and to access data visualizations, quick-start Tableau dashboards, and other partner-created solutions. # COVID-19 Activity A global time series of case and death data. This data is sourced from [JHU CSSE COVID-19 Data](https://github.com/CSSEGISandData/COVID-19) as well as [The New York Times](https://github.com/nytimes/covid-19-data). # COVID-19 Case - DEPRECATED AS OF JUNE 5 This dataset was deprecated on June 5. The last update remains for posterity. ### \u00e2\u0080\u008bAbout* Refreshed daily by 1 p.m. PT * See the [Data dictionary](https://data.world/covid-19-data-resource-hub/covid-19-case-counts/workspace/data-dictionary) for a description of the column names \u00e2\u0080\u008b"], "datePublished": ["2020-03-13"], "language": ["N/A"], "creator": ["Coronavirus (COVID-19) Data Hub"], "metadataProvider": ["N/A"], "contact": ["N/A"], "associatedParty": ["N/A"], "licenseInformation": ["N/A"], "downloadLink": ["N/A"], "keywords": [["coronavirus", "covid 19"]], "geographicCoverage": ["N/A"], "westBoundingCoordinate": ["N/A"], "eastBoundingCoordinate": ["N/A"], "northBoundingCoordinate": ["N/A"], "southBoundingCoordinate": ["N/A"], "dateCreated": ["N/A"], "temporalCoverageEndDate": ["N/A"], "license": ["N/A"], "distribution": ["N/A"], "distributionInfo": ["N/A"], "identifier": ["N/A"], "accessibilitySummary": ["N/A"], "version": ["N/A"], "temporalCoverage": ["N/A"], "publisher": ["N/A"], "spatial": ["N/A"], "citation": ["N/A"], "genre": ["N/A"], "modificationDate": ["N/A"], "image": ["N/A"], "thumbnailUrl": ["N/A"], "headline": ["COVID-19 Activity - dataset by covid-19-data-resource-hub | data.world"], "abstract": ["N/A"], "theme": ["N/A"], "creditText": ["N/A"], "producer": ["N/A"], "author": ["N/A"], "spatialCoverage": ["N/A"], "sponsor": ["N/A"], "size": ["N/A"], "sameAs": ["N/A"], "publication": ["N/A"], "provider": ["N/A"], "position": ["N/A"], "measurementTechnique": ["N/A"], "material": ["N/A"], "maintainer": ["N/A"], "locationCreated": ["N/A"], "issn": ["N/A"], "isPartOf": ["N/A"], "isBasedOn": ["N/A"], "isAccessibleForFree": ["N/A"], "includedInDataCatalog": ["N/A"], "editor": ["N/A"], "editEIDR": ["N/A"], "copyrightYear": ["N/A"], "copyrightNotice": ["N/A"], "copyrightHolder": ["N/A"], "contributor": ["N/A"], "contentReferenceTime": ["N/A"], "contentLocation": ["N/A"], "character": ["N/A"], "acquireLicensePage": ["N/A"], "accessModeSufficient": ["N/A"], "about": ["N/A"], "rights": ["N/A"], "relation": ["N/A"], "qualifiedRelation": ["N/A"], "qualifiedAttribution": ["N/A"], "previousVersion": ["N/A"], "nextVersion": ["N/A"], "landingPage": ["N/A"], "isReferencedBy": ["N/A"], "hasVersion": ["N/A"], "hasPolicy": ["N/A"], "hasCurrentVersion": ["N/A"], "useConstraints": ["N/A"], "status": ["N/A"], "spatialRepresentationType": ["N/A"], "scope": ["N/A"], "purpose": ["N/A"], "otherLocale": ["N/A"], "metadataProfile": ["N/A"], "metadataLinkage": ["N/A"], "metadataIdentifier": ["N/A"], "environmentDescription": ["N/A"], "contentInfo": ["N/A"], "ResearchInfrastructure": ["N/A"], "EssentialVariables": ["N/A"], "potentialTopics": ["N/A"]}