{"url": ["https://data.world/data-society/causal-effects-in-time-series"], "name": ["Causal Effects in Time Series"], "description": ["The goal is to predict a 1000x100 boolean influence matrix, indicating for each (i,j) element whether the ith promotion has a causal influence of the sales of the jth product. Data is provided as time series, with a daily value for each variable for three years (i.e., 1095 days).Each of the 100 products has a defined seasonal baseline, repeating over the years. The seasonal effect can vary from almost inexistent to major. On top of this baseline are promotions. Each product is influenced by between 1 and 50 promotions out of the 1000 promotions available. Promotions usually increase the sales with respect to the baseline, but can occasionally reduce them (e.g., when a similar competing product is promoted, that promotion might have a negative effect on the sales of the current product). On top of that are daily variations.Each of the 1000 promotions can be seasonal or not; i.e., they can have the same pattern from one year to another or be completely different. The average time a promotion stays active or inactive, however, is constant for each promotion.The weighted normalized influence matrix is provided for result evaluation. It is normalized so that the maximum positive contribution is 1 and the maximum negative contribution is \u00e2\u0080\u00931, and each nonzero (i,j) entry is weighted by how much promotion i affects product j. Algorithms can be requested to output either a boolean influence matrix, or a weighted matrix similar to the one provided for result evaluation. * products.dat: a 1095x100 matrix. The column i represents the daily sales over 3 years for the product i as a time series of a continuous variable;* promotions.dat: a 1095x1000 binary matrix, describing when each of the 1000 promotions are active;* influence.dat: the 1000x100 influence matrix. The (i,j)th entry is zero if promotion i has no influence on product j; otherwise, it is a continuous value between \u00e2\u0080\u00931 and 1.Source: http://clopinet.com/causality/data/promo/"], "datePublished": ["2016-11-30"], "language": ["N/A"], "creator": ["Data Society"], "metadataProvider": ["N/A"], "contact": ["N/A"], "associatedParty": ["N/A"], "licenseInformation": ["N/A"], "downloadLink": ["N/A"], "keywords": [["data society", "sale", "promotion", "causal model", "time series"]], "geographicCoverage": ["N/A"], "westBoundingCoordinate": ["N/A"], "eastBoundingCoordinate": ["N/A"], "northBoundingCoordinate": ["N/A"], "southBoundingCoordinate": ["N/A"], "dateCreated": ["N/A"], "temporalCoverageEndDate": ["N/A"], "license": ["N/A"], "distribution": ["N/A"], "distributionInfo": ["N/A"], "identifier": ["N/A"], "accessibilitySummary": ["N/A"], "version": ["N/A"], "temporalCoverage": ["N/A"], "publisher": ["N/A"], "spatial": ["N/A"], "citation": ["N/A"], "genre": ["N/A"], "modificationDate": ["N/A"], "image": ["N/A"], "thumbnailUrl": ["N/A"], "headline": ["Causal Effects in Time Series - dataset by data-society | data.world"], "abstract": ["N/A"], "theme": ["N/A"], "creditText": ["N/A"], "producer": ["N/A"], "author": ["N/A"], "spatialCoverage": ["N/A"], "sponsor": ["N/A"], "size": ["N/A"], "sameAs": ["N/A"], "publication": ["N/A"], "provider": ["N/A"], "position": ["N/A"], "measurementTechnique": ["N/A"], "material": ["N/A"], "maintainer": ["N/A"], "locationCreated": ["N/A"], "issn": ["N/A"], "isPartOf": ["N/A"], "isBasedOn": ["N/A"], "isAccessibleForFree": ["N/A"], "includedInDataCatalog": ["N/A"], "editor": ["N/A"], "editEIDR": ["N/A"], "copyrightYear": ["N/A"], "copyrightNotice": ["N/A"], "copyrightHolder": ["N/A"], "contributor": ["N/A"], "contentReferenceTime": ["N/A"], "contentLocation": ["N/A"], "character": ["N/A"], "acquireLicensePage": ["N/A"], "accessModeSufficient": ["N/A"], "about": ["N/A"], "rights": ["N/A"], "relation": ["N/A"], "qualifiedRelation": ["N/A"], "qualifiedAttribution": ["N/A"], "previousVersion": ["N/A"], "nextVersion": ["N/A"], "landingPage": ["N/A"], "isReferencedBy": ["N/A"], "hasVersion": ["N/A"], "hasPolicy": ["N/A"], "hasCurrentVersion": ["N/A"], "useConstraints": ["N/A"], "status": ["N/A"], "spatialRepresentationType": ["N/A"], "scope": ["N/A"], "purpose": ["N/A"], "otherLocale": ["N/A"], "metadataProfile": ["N/A"], "metadataLinkage": ["N/A"], "metadataIdentifier": ["N/A"], "environmentDescription": ["N/A"], "contentInfo": ["N/A"], "ResearchInfrastructure": ["N/A"], "EssentialVariables": ["N/A"], "potentialTopics": ["N/A"]}