{"url": ["https://data.world/kgarrett/covid-19-open-research-dataset"], "name": ["COVID-19 Open Research Dataset (CORD-19)"], "description": ["--- {\"editor\":\"markdown\"} --- The [COVID-19 Open Research Dataset](https://pages.semanticscholar.org/coronavirus-research) is \u00e2\u0080\u009ca free resource of over 29,000 scholarly articles, including over 13,000 with full text, about COVID-19 and the coronavirus family of viruses for use by the global research community.\u00e2\u0080\u009d `in-the-news`: On March 16, 2020, the White House issued a [\u00e2\u0080\u009ccall to action to the tech community\u00e2\u0080\u009d](https://www.whitehouse.gov/briefings-statements/call-action-tech-community-new-machine-readable-covid-19-dataset/) regarding the dataset, asking experts \u00e2\u0080\u009cto develop new text and data mining techniques that can help the science community answer high-priority scientific questions related to COVID-19.\u00e2\u0080\u009d Included in this dataset:* [Commercial use subset](https://data.world/kgarrett/covid-19-open-research-dataset/workspace/file?filename=comm_use_subset.tar.gz) (includes PMC content) -- 9000 papers, 186Mb * [Non-commercial use subset](https://data.world/kgarrett/covid-19-open-research-dataset/workspace/file?filename=noncomm_use_subset.tar.gz) (includes PMC content) -- 1973 papers, 36Mb * [PMC custom license subset](https://data.world/kgarrett/covid-19-open-research-dataset/workspace/file?filename=pmc_custom_license.tar.gz) -- 1426 papers, 19Mb * [bioRxiv/medRxiv subset](https://data.world/kgarrett/covid-19-open-research-dataset/workspace/file?filename=biorxiv_medrxiv.tar.gz) (pre-prints that are not peer reviewed) -- 803 papers, 13MbEach paper is represented as a single JSON object. The schema is available [here](https://data.world/kgarrett/covid-19-open-research-dataset/workspace/file?filename=json_schema.txt).We also provide a comprehensive metadata file of 29,000 coronavirus and COVID-19 research articles with links to [PubMed](https://www.ncbi.nlm.nih.gov/pmc/?term=%22COVID-19%22+OR+Coronavirus+OR+%22Corona+virus%22+OR+%222019-nCoV%22+OR+%22SARS-CoV%22+OR+%22MERS-CoV%22+OR+%E2%80%9CSevere+Acute+Respiratory+Syndrome%E2%80%9D+OR+%E2%80%9CMiddle+East+Respiratory+Syndrome%E2%80%9D), [Microsoft Academic](https://aka.ms/AA7q3eb) and the [WHO COVID-19 database of publications](https://www.who.int/emergencies/diseases/novel-coronavirus-2019/global-research-on-novel-coronavirus-2019-ncov) (includes articles without open access full text): * [Metadata file](https://data.world/kgarrett/covid-19-open-research-dataset/workspace/file?filename=all_sources_metadata_2020-03-13.csv) ([readme](https://data.world/kgarrett/covid-19-open-research-dataset/workspace/file?filename=all_sources_metadata_2020-03-13.readme)) -- 47Mb**_Source:_** https://pages.semanticscholar.org/coronavirus-research **_Updated:_** Weekly **_License:_** https://data.world/kgarrett/covid-19-open-research-dataset/workspace/file?filename=COVID.DATA.LIC.AGMT.pdf> See more COVID-19 data at [data.world's Coronavirus (COVID-19) Data Resource Hub](https://data.world/resources/coronavirus/)"], "datePublished": ["2020-03-18"], "language": ["N/A"], "creator": ["Kelly Garrett"], "metadataProvider": ["N/A"], "contact": ["N/A"], "associatedParty": ["N/A"], "licenseInformation": ["Other"], "downloadLink": ["N/A"], "keywords": [["coronavirus", "covid 19", "virus", "nlp", "data mining", "text mining", "data science"]], "geographicCoverage": ["N/A"], "westBoundingCoordinate": ["N/A"], "eastBoundingCoordinate": ["N/A"], "northBoundingCoordinate": ["N/A"], "southBoundingCoordinate": ["N/A"], "dateCreated": ["N/A"], "temporalCoverageEndDate": ["N/A"], "license": ["Other"], "distribution": ["N/A"], "distributionInfo": ["N/A"], "identifier": ["N/A"], "accessibilitySummary": ["N/A"], "version": ["N/A"], "temporalCoverage": ["N/A"], "publisher": ["N/A"], "spatial": ["N/A"], "citation": ["N/A"], "genre": ["N/A"], "modificationDate": ["N/A"], "image": ["N/A"], "thumbnailUrl": ["N/A"], "headline": ["COVID-19 Open Research Dataset (CORD-19) - dataset by kgarrett | data.world"], "abstract": ["N/A"], "theme": ["N/A"], "creditText": ["N/A"], "producer": ["N/A"], "author": ["N/A"], "spatialCoverage": ["N/A"], "sponsor": ["N/A"], "size": ["N/A"], "sameAs": ["N/A"], "publication": ["N/A"], "provider": ["N/A"], "position": ["N/A"], "measurementTechnique": ["N/A"], "material": ["N/A"], "maintainer": ["N/A"], "locationCreated": ["N/A"], "issn": ["N/A"], "isPartOf": ["N/A"], "isBasedOn": ["N/A"], "isAccessibleForFree": ["N/A"], "includedInDataCatalog": ["N/A"], "editor": ["N/A"], "editEIDR": ["N/A"], "copyrightYear": ["N/A"], "copyrightNotice": ["N/A"], "copyrightHolder": ["N/A"], "contributor": ["N/A"], "contentReferenceTime": ["N/A"], "contentLocation": ["N/A"], "character": ["N/A"], "acquireLicensePage": ["N/A"], "accessModeSufficient": ["N/A"], "about": ["N/A"], "rights": ["N/A"], "relation": ["N/A"], "qualifiedRelation": ["N/A"], "qualifiedAttribution": ["N/A"], "previousVersion": ["N/A"], "nextVersion": ["N/A"], "landingPage": ["N/A"], "isReferencedBy": ["N/A"], "hasVersion": ["N/A"], "hasPolicy": ["N/A"], "hasCurrentVersion": ["N/A"], "useConstraints": ["N/A"], "status": ["N/A"], "spatialRepresentationType": ["N/A"], "scope": ["N/A"], "purpose": ["N/A"], "otherLocale": ["N/A"], "metadataProfile": ["N/A"], "metadataLinkage": ["N/A"], "metadataIdentifier": ["N/A"], "environmentDescription": ["N/A"], "contentInfo": ["N/A"], "ResearchInfrastructure": ["N/A"], "EssentialVariables": ["N/A"], "potentialTopics": ["N/A"]}