{"url": ["https://catalog.data.gov/dataset/terminated-multifamily-mortgages-database-e207c"], "name": ["Terminated Multifamily Mortgages Database - CKAN"], "description": ["This Excel 2010 file includes all terminated HUD Multifamily insured mortgages. It includes the Holder and Servicer at the time the mortgage was terminated. The data is as of July 31, 2014 and is updated monthly."], "datePublished": ["N/A"], "language": ["N/A"], "creator": ["N/A"], "metadataProvider": ["N/A"], "contact": ["N/A"], "associatedParty": ["N/A"], "licenseInformation": ["N/A"], "downloadLink": ["N/A"], "keywords": ["fha insured loan mortgages multifamily"], "geographicCoverage": ["N/A"], "westBoundingCoordinate": ["N/A"], "eastBoundingCoordinate": ["N/A"], "northBoundingCoordinate": ["N/A"], "southBoundingCoordinate": ["N/A"], "dateCreated": ["N/A"], "temporalCoverageEndDate": ["N/A"], "license": ["N/A"], "distribution": ["N/A"], "distributionInfo": ["N/A"], "identifier": ["N/A"], "accessibilitySummary": ["N/A"], "version": ["N/A"], "temporalCoverage": ["N/A"], "publisher": ["N/A"], "spatial": ["N/A"], "citation": ["N/A"], "genre": ["N/A"], "modificationDate": ["N/A"], "image": ["N/A"], "thumbnailUrl": ["N/A"], "headline": ["Terminated Multifamily Mortgages Database - CKAN"], "abstract": ["N/A"], "theme": ["N/A"], "creditText": ["N/A"], "producer": ["N/A"], "author": ["N/A"], "spatialCoverage": ["N/A"], "sponsor": ["N/A"], "size": ["N/A"], "sameAs": ["N/A"], "publication": ["N/A"], "provider": ["N/A"], "position": ["N/A"], "measurementTechnique": ["N/A"], "material": ["N/A"], "maintainer": ["N/A"], "locationCreated": ["N/A"], "issn": ["N/A"], "isPartOf": ["N/A"], "isBasedOn": ["N/A"], "isAccessibleForFree": ["N/A"], "includedInDataCatalog": ["N/A"], "editor": ["N/A"], "editEIDR": ["N/A"], "copyrightYear": ["N/A"], "copyrightNotice": ["N/A"], "copyrightHolder": ["N/A"], "contributor": ["N/A"], "contentReferenceTime": ["N/A"], "contentLocation": ["N/A"], "character": ["N/A"], "acquireLicensePage": ["N/A"], "accessModeSufficient": ["N/A"], "about": ["N/A"], "rights": ["N/A"], "relation": ["N/A"], "qualifiedRelation": ["N/A"], "qualifiedAttribution": ["N/A"], "previousVersion": ["N/A"], "nextVersion": ["N/A"], "landingPage": ["N/A"], "isReferencedBy": ["N/A"], "hasVersion": ["N/A"], "hasPolicy": ["N/A"], "hasCurrentVersion": ["N/A"], "useConstraints": ["N/A"], "status": ["N/A"], "spatialRepresentationType": ["N/A"], "scope": ["N/A"], "purpose": ["N/A"], "otherLocale": ["N/A"], "metadataProfile": ["N/A"], "metadataLinkage": ["N/A"], "metadataIdentifier": ["N/A"], "environmentDescription": ["N/A"], "contentInfo": ["N/A"], "ResearchInfrastructure": ["N/A"], "EssentialVariables": ["N/A"], "potentialTopics": ["N/A"]}