{"url": ["https://catalog.data.gov/dataset/odin-observational-data-interactive-navigation-an-interactive-map-of-all-co-ops-active-sta"], "name": ["ODIN: Observational Data Interactive Navigation, an interactive map of all CO-OPS active stations - CKAN"], "description": ["The CO-OPS Station Map has many features designed to provide a quick and easy way to find a CO-OPS station, and to view real-time observations as well as plot the last 48 hours of data"], "datePublished": ["N/A"], "language": ["N/A"], "creator": ["N/A"], "metadataProvider": ["N/A"], "contact": ["N/A"], "associatedParty": ["N/A"], "licenseInformation": ["N/A"], "downloadLink": ["N/A"], "keywords": ["acoustic-sounders air-pressure air-temperature anemometers aps-air-pressure-se.. atmosphere-atmosphe.. atmosphere-atmosphe.. atmosphere-atmosphe.. atmosphere-atmosphe.. atmosphere-atmosphe.. atmosphere-atmosphe.. barometers barometric-pressure coastal-coastal-oce.. coastal-monitoring coastal-sea-level-s.. coastal-u-s-territo.. coastal-united-states corms-continuous-op.. current-meters currents data-analysis-and-v.. data-management-dat.. data-management-dat.. data-management-dat.. education-outreach-.. environmental-advis.. environmental-advis.. environmental-advis.. environmental-advis.. environmental-advis.. environmental-advis.. goes-noaa-geostatio.. great-lakes-water-l.. humidity-sensors meteorological-obse.. national-geospatial.. ngda nwlon-national-wate.. nwlon-station nwlp-national-water.. oceans oceans-coastal-proc.. oceans-coastal-proc.. oceans-coastal-proc.. oceans-ocean-pressu.. oceans-ocean-temper.. oceans-ocean-temper.. oceans-ocean-winds-.. oceans-tides-tidal-.. oceans-tides-tidal-.. oceans-tides-tidal-.. ports-physical-ocea.. predictions pressure-sensors relative-humidity temperature-probes temperature-sensors tide-gauges tide-stations tides tides-and-currents u-s-exclusive-econo.. water-level water-level-gauges water-level-predict.. water-level-stations water-oceans-and-co.. water-temperature wind"], "geographicCoverage": ["N/A"], "westBoundingCoordinate": ["N/A"], "eastBoundingCoordinate": ["N/A"], "northBoundingCoordinate": ["N/A"], "southBoundingCoordinate": ["N/A"], "dateCreated": ["N/A"], "temporalCoverageEndDate": ["N/A"], "license": ["N/A"], "distribution": ["N/A"], "distributionInfo": ["N/A"], "identifier": ["N/A"], "accessibilitySummary": ["N/A"], "version": ["N/A"], "temporalCoverage": ["N/A"], "publisher": ["N/A"], "spatial": ["N/A"], "citation": ["N/A"], "genre": ["N/A"], "modificationDate": ["N/A"], "image": ["N/A"], "thumbnailUrl": ["N/A"], "headline": ["ODIN: Observational Data Interactive Navigation, an interactive map of all CO-OPS active stations - CKAN"], "abstract": ["N/A"], "theme": ["N/A"], "creditText": ["N/A"], "producer": ["N/A"], "author": ["N/A"], "spatialCoverage": ["N/A"], "sponsor": ["N/A"], "size": ["N/A"], "sameAs": ["N/A"], "publication": ["N/A"], "provider": ["N/A"], "position": ["N/A"], "measurementTechnique": ["N/A"], "material": ["N/A"], "maintainer": ["N/A"], "locationCreated": ["N/A"], "issn": ["N/A"], "isPartOf": ["N/A"], "isBasedOn": ["N/A"], "isAccessibleForFree": ["N/A"], "includedInDataCatalog": ["N/A"], "editor": ["N/A"], "editEIDR": ["N/A"], "copyrightYear": ["N/A"], "copyrightNotice": ["N/A"], "copyrightHolder": ["N/A"], "contributor": ["N/A"], "contentReferenceTime": ["N/A"], "contentLocation": ["N/A"], "character": ["N/A"], "acquireLicensePage": ["N/A"], "accessModeSufficient": ["N/A"], "about": ["N/A"], "rights": ["N/A"], "relation": ["N/A"], "qualifiedRelation": ["N/A"], "qualifiedAttribution": ["N/A"], "previousVersion": ["N/A"], "nextVersion": ["N/A"], "landingPage": ["N/A"], "isReferencedBy": ["N/A"], "hasVersion": ["N/A"], "hasPolicy": ["N/A"], "hasCurrentVersion": ["N/A"], "useConstraints": ["N/A"], "status": ["N/A"], "spatialRepresentationType": ["N/A"], "scope": ["N/A"], "purpose": ["N/A"], "otherLocale": ["N/A"], "metadataProfile": ["N/A"], "metadataLinkage": ["N/A"], "metadataIdentifier": ["N/A"], "environmentDescription": ["N/A"], "contentInfo": ["N/A"], "ResearchInfrastructure": ["N/A"], "EssentialVariables": ["N/A"], "potentialTopics": ["N/A"]}