{"url": ["https://catalog.data.gov/dataset/development-of-high-contrast-lenslets-for-integral-field-spectroscopy"], "name": ["Development of High Contrast Lenslets for Integral Field Spectroscopy - CKAN"], "description": ["A key goal of NASA\u2019s Exoplanet Exploration Program (ExEP) is to discover Earth-like exoplanets and to determine their spectra for spectral signatures of life. Toward that goal there is on-going development of several competing architectures for how to suppress the starlight and achieve the high contrast necessary to directly image an Earth-like planet in the habitable zone around a nearby star, including coronagraphs, external occulters, and nulling interferometers operating at optical wavelengths.Regardless of the starlight suppression technology chosen, any future planet imaging mission must have a highly capable science instrument able to perform both imaging and spectroscopy in order to detect and characterize the target planets. \u00a0The ideal instrument for making these measurements is an integral field spectrograph (IFS), an instrument that obtains a spectrum at every spatial element in the field of view.\u00a0\u00a0The current state of the art for these instruments does not yet achieve the challenging performance requirements needed for imaging of Earth-like exoplanets due to a variety of challenging systematics. In particular, current lenslet designs introduce too high a level of crosstalk between adjacent spectra to operate at very high contrasts.In space, an IFS science camera will be used to investigate the properties of exoplanets while monitoring and diagnosing wavefront errors introduced by the telescope optical assembly.This research will develop a critical technology needed to build a prototype IFS to advance coronagraphy and extreme wavefront sensing and control algorithms in NASA\u2019s High Contrast Imaging Testbed (HCIT).\u00a0 Once built, this laboratory IFS will be used as a facility class instrument within the HCIT.\u00a0\u00a0\u00a0 The work builds upon awards from the FY12 IRAD program and the Nancy Grace Roman Technology Fellowship program.As part of those programs,\u00a0NASA Goddard Space Flight Center\u00a0designed the Prototype Imaging Spectrograph for Coronagraphic Exoplanet Studies (PISCES) integral field spectrograph to be integrated into the JPL HCIT.\u00a0 However, during this the design phase, it became apparent that even though lenslet-based integral field spectrographs exist on the ground, high contrast lenslet arrays are still at a low TRL.\u00a0\u00a0\u00a0This work will\u00a0design, model, fabricate, and performance assess a specialized lenslet array in order to meet the requirements of a high contrast imaging mission."], "datePublished": ["N/A"], "language": ["N/A"], "creator": ["N/A"], "metadataProvider": ["N/A"], "contact": ["N/A"], "associatedParty": ["N/A"], "licenseInformation": ["N/A"], "downloadLink": ["N/A"], "keywords": ["completed goddard-space-fligh.."], "geographicCoverage": ["N/A"], "westBoundingCoordinate": ["N/A"], "eastBoundingCoordinate": ["N/A"], "northBoundingCoordinate": ["N/A"], "southBoundingCoordinate": ["N/A"], "dateCreated": ["N/A"], "temporalCoverageEndDate": ["N/A"], "license": ["N/A"], "distribution": ["N/A"], "distributionInfo": ["N/A"], "identifier": ["N/A"], "accessibilitySummary": ["N/A"], "version": ["N/A"], "temporalCoverage": ["N/A"], "publisher": ["N/A"], "spatial": ["N/A"], "citation": ["N/A"], "genre": ["N/A"], "modificationDate": ["N/A"], "image": ["N/A"], "thumbnailUrl": ["N/A"], "headline": ["Development of High Contrast Lenslets for Integral Field Spectroscopy - CKAN"], "abstract": ["N/A"], "theme": ["N/A"], "creditText": ["N/A"], "producer": ["N/A"], "author": ["N/A"], "spatialCoverage": ["N/A"], "sponsor": ["N/A"], "size": ["N/A"], "sameAs": ["N/A"], "publication": ["N/A"], "provider": ["N/A"], "position": ["N/A"], "measurementTechnique": ["N/A"], "material": ["N/A"], "maintainer": ["N/A"], "locationCreated": ["N/A"], "issn": ["N/A"], "isPartOf": ["N/A"], "isBasedOn": ["N/A"], "isAccessibleForFree": ["N/A"], "includedInDataCatalog": ["N/A"], "editor": ["N/A"], "editEIDR": ["N/A"], "copyrightYear": ["N/A"], "copyrightNotice": ["N/A"], "copyrightHolder": ["N/A"], "contributor": ["N/A"], "contentReferenceTime": ["N/A"], "contentLocation": ["N/A"], "character": ["N/A"], "acquireLicensePage": ["N/A"], "accessModeSufficient": ["N/A"], "about": ["N/A"], "rights": ["N/A"], "relation": ["N/A"], "qualifiedRelation": ["N/A"], "qualifiedAttribution": ["N/A"], "previousVersion": ["N/A"], "nextVersion": ["N/A"], "landingPage": ["N/A"], "isReferencedBy": ["N/A"], "hasVersion": ["N/A"], "hasPolicy": ["N/A"], "hasCurrentVersion": ["N/A"], "useConstraints": ["N/A"], "status": ["N/A"], "spatialRepresentationType": ["N/A"], "scope": ["N/A"], "purpose": ["N/A"], "otherLocale": ["N/A"], "metadataProfile": ["N/A"], "metadataLinkage": ["N/A"], "metadataIdentifier": ["N/A"], "environmentDescription": ["N/A"], "contentInfo": ["N/A"], "ResearchInfrastructure": ["N/A"], "EssentialVariables": ["N/A"], "potentialTopics": ["N/A"]}