{"url": ["https://data.world/liz-friedman/2020-census-response-rate"], "name": ["2020 census response rate"], "description": ["--- {\"editor\":\"simple\"} --- I created this project to take a closer look at internet response rates to the 2020 census. Which households are responding via the internet and which are not? Has the new online response option made it easier for households to respond? While the [coronavirus pandemic has likely affected early response rates](https://fortune.com/2020/04/01/us-census-2020-response-rate-down-2010-how-to-respond-online-phone-field-workers/), looking at the internet response rate might provide a nationwide perspective on the [digital divide](https://www.pewresearch.org/fact-tank/2019/05/07/digital-divide-persists-even-as-lower-income-americans-make-gains-in-tech-adoption/) in the United States.Looking at US Census Bureau [response rate data](https://data.world/uscensusbureau/2020-census-response-rate-data), I found that by April 27, out of the 54% of households who responded to the census, 85% did so on the internet. I also found that this percent of internet responses varies from state to state, from 63% (Mississippi) all the way to 95% (Utah). When connecting this with 2015 American Community Survey [data about median income](https://data.world/uscensusbureau/acs-2015-5-e-income), I found that higher median income correllates with a higher percentage of internet responses.You can view a vizualization of this in the insight below or on [Tableau public](https://public.tableau.com/profile/liz.friedman1470#!/vizhome/2020USCensusself-responserateandtheinternet/CRRandinternet).\u00e2\u0080\u008b"], "datePublished": ["2020-04-22"], "language": ["N/A"], "creator": ["Liz Friedman"], "metadataProvider": ["N/A"], "contact": ["N/A"], "associatedParty": ["N/A"], "licenseInformation": ["N/A"], "downloadLink": ["N/A"], "keywords": [["census", "digital divide", "income"]], "geographicCoverage": ["N/A"], "westBoundingCoordinate": ["N/A"], "eastBoundingCoordinate": ["N/A"], "northBoundingCoordinate": ["N/A"], "southBoundingCoordinate": ["N/A"], "dateCreated": ["N/A"], "temporalCoverageEndDate": ["N/A"], "license": ["N/A"], "distribution": ["N/A"], "distributionInfo": ["N/A"], "identifier": ["N/A"], "accessibilitySummary": ["N/A"], "version": ["N/A"], "temporalCoverage": ["N/A"], "publisher": ["N/A"], "spatial": ["N/A"], "citation": ["N/A"], "genre": ["N/A"], "modificationDate": ["N/A"], "image": ["N/A"], "thumbnailUrl": ["N/A"], "headline": ["2020 census response rate - dataset by liz-friedman | data.world"], "abstract": ["N/A"], "theme": ["N/A"], "creditText": ["N/A"], "producer": ["N/A"], "author": ["N/A"], "spatialCoverage": ["N/A"], "sponsor": ["N/A"], "size": ["N/A"], "sameAs": ["N/A"], "publication": ["N/A"], "provider": ["N/A"], "position": ["N/A"], "measurementTechnique": ["N/A"], "material": ["N/A"], "maintainer": ["N/A"], "locationCreated": ["N/A"], "issn": ["N/A"], "isPartOf": ["N/A"], "isBasedOn": ["N/A"], "isAccessibleForFree": ["N/A"], "includedInDataCatalog": ["N/A"], "editor": ["N/A"], "editEIDR": ["N/A"], "copyrightYear": ["N/A"], "copyrightNotice": ["N/A"], "copyrightHolder": ["N/A"], "contributor": ["N/A"], "contentReferenceTime": ["N/A"], "contentLocation": ["N/A"], "character": ["N/A"], "acquireLicensePage": ["N/A"], "accessModeSufficient": ["N/A"], "about": ["N/A"], "rights": ["N/A"], "relation": ["N/A"], "qualifiedRelation": ["N/A"], "qualifiedAttribution": ["N/A"], "previousVersion": ["N/A"], "nextVersion": ["N/A"], "landingPage": ["N/A"], "isReferencedBy": ["N/A"], "hasVersion": ["N/A"], "hasPolicy": ["N/A"], "hasCurrentVersion": ["N/A"], "useConstraints": ["N/A"], "status": ["N/A"], "spatialRepresentationType": ["N/A"], "scope": ["N/A"], "purpose": ["N/A"], "otherLocale": ["N/A"], "metadataProfile": ["N/A"], "metadataLinkage": ["N/A"], "metadataIdentifier": ["N/A"], "environmentDescription": ["N/A"], "contentInfo": ["N/A"], "ResearchInfrastructure": ["N/A"], "EssentialVariables": ["N/A"], "potentialTopics": ["N/A"]}