{"url": ["https://catalog.data.gov/dataset/311-service-requests-street-lights-one-out-historical"], "name": ["311 Service Requests - Street Lights - One Out - Historical - CKAN"], "description": ["As described in http://bit.ly/311HistoricalPost, the function of this dataset was replaced by https://data.cityofchicago.org/d/v6vf-nfxy. This dataset is historical-only. This dataset contains all open 311 reports of one or two lights out on metal poles on a residential or arterial street and all completed requests since January 1, 2011. Whenever CDOT receives a report of a street light outage, the electrician assigned to make the repair looks at all the lights in a group (circuit) to make sure that they are working properly.If two requests regarding the same group are made within 30 calendar days of each other, the newest CSR is automatically given the status of \u00e2\u0080\u009cDuplicate (Open).\u00e2\u0080\u009d Since the electrician will be looking at all the lights in a group to verify that they are all working the \u00e2\u0080\u009cDuplicate (Open)\u00e2\u0080\u009d address will also be observed and repaired.Once the street lights are repaired, the CSR status will read \u00e2\u0080\u009cCompleted\u00e2\u0080\u009d for the original request and \u00e2\u0080\u009cDuplicate (Closed)\u00e2\u0080\u009d for any duplicate requests. Data is updated daily."], "datePublished": ["N/A"], "language": ["N/A"], "creator": ["N/A"], "metadataProvider": ["N/A"], "contact": ["N/A"], "associatedParty": ["N/A"], "licenseInformation": ["N/A"], "downloadLink": ["N/A"], "keywords": ["historical lights link-to-article-pre.. streets"], "geographicCoverage": ["N/A"], "westBoundingCoordinate": ["N/A"], "eastBoundingCoordinate": ["N/A"], "northBoundingCoordinate": ["N/A"], "southBoundingCoordinate": ["N/A"], "dateCreated": ["N/A"], "temporalCoverageEndDate": ["N/A"], "license": ["N/A"], "distribution": ["N/A"], "distributionInfo": ["N/A"], "identifier": ["N/A"], "accessibilitySummary": ["N/A"], "version": ["N/A"], "temporalCoverage": ["N/A"], "publisher": ["N/A"], "spatial": ["N/A"], "citation": ["N/A"], "genre": ["N/A"], "modificationDate": ["N/A"], "image": ["N/A"], "thumbnailUrl": ["N/A"], "headline": ["311 Service Requests - Street Lights - One Out - Historical - CKAN"], "abstract": ["N/A"], "theme": ["N/A"], "creditText": ["N/A"], "producer": ["N/A"], "author": ["N/A"], "spatialCoverage": ["N/A"], "sponsor": ["N/A"], "size": ["N/A"], "sameAs": ["N/A"], "publication": ["N/A"], "provider": ["N/A"], "position": ["N/A"], "measurementTechnique": ["N/A"], "material": ["N/A"], "maintainer": ["N/A"], "locationCreated": ["N/A"], "issn": ["N/A"], "isPartOf": ["N/A"], "isBasedOn": ["N/A"], "isAccessibleForFree": ["N/A"], "includedInDataCatalog": ["N/A"], "editor": ["N/A"], "editEIDR": ["N/A"], "copyrightYear": ["N/A"], "copyrightNotice": ["N/A"], "copyrightHolder": ["N/A"], "contributor": ["N/A"], "contentReferenceTime": ["N/A"], "contentLocation": ["N/A"], "character": ["N/A"], "acquireLicensePage": ["N/A"], "accessModeSufficient": ["N/A"], "about": ["N/A"], "rights": ["N/A"], "relation": ["N/A"], "qualifiedRelation": ["N/A"], "qualifiedAttribution": ["N/A"], "previousVersion": ["N/A"], "nextVersion": ["N/A"], "landingPage": ["N/A"], "isReferencedBy": ["N/A"], "hasVersion": ["N/A"], "hasPolicy": ["N/A"], "hasCurrentVersion": ["N/A"], "useConstraints": ["N/A"], "status": ["N/A"], "spatialRepresentationType": ["N/A"], "scope": ["N/A"], "purpose": ["N/A"], "otherLocale": ["N/A"], "metadataProfile": ["N/A"], "metadataLinkage": ["N/A"], "metadataIdentifier": ["N/A"], "environmentDescription": ["N/A"], "contentInfo": ["N/A"], "ResearchInfrastructure": ["N/A"], "EssentialVariables": ["N/A"], "potentialTopics": ["N/A"]}