{"url": ["https://data.world/smartersorting/covid-disinfectants-upc-03272020"], "name": ["EPA Approved Disinfectants for Combatting COVID-19"], "description": ["--- {\"editor\":\"markdown\"} --- ![epa-approved-disinfect-1024x536.jpg](https://media.data.world/ZilAueZbSZuGxQCHaXpe_epa-approved-disinfect-1024x536.jpg) The EPA has published a list \u00e2\u0080\u0093\u00c2\u00a0\"List N\" \u00e2\u0080\u0093 of disinfectants that meet their criteria for use against SARS-CoV-2, the precursor to COVID-19: https://www.epa.gov/pesticide-registration/list-n-disinfectants-use-against-sars-cov-2The list is indexed based on EPA Registration Number, which is a very helpful attribute but inscrutable for consumers looking to buy the right disinfecting products.We at Smarter Sorting took that list and bumped it up against our database of consumer chemical goods. By matching on EPA Registration Number, we've created a growing list of UPCs (aka Universal Product Codes aka barcodes) and Product Names to help make it easier for consumers to find these disinfectants.We have also included the EPA's instructions on how to best use these products. Make note of Contact Time, which the EPA defines as \"the amount of time the surface should be treated for. The surface should be visibly wet for the duration of the contact time.\"For more on this initiative, check out our recent blog post: https://www.smartersorting.com/2020/03/31/retailers-help-customers-stop-covid-19-with-this-data-set-of-epa-approved-disinfectants/If you are a retailer, brand, city or data-person-at-large and want to help us grow this list and make it more usable, please reach out to Zach Hamstra (zach@smartersorting.com). And please use this list however you choose!"], "datePublished": ["2020-03-27"], "language": ["N/A"], "creator": ["Smarter Sorting"], "metadataProvider": ["N/A"], "contact": ["N/A"], "associatedParty": ["N/A"], "licenseInformation": ["Public Domain"], "downloadLink": ["N/A"], "keywords": [["covid 19", "coronavirus", "sars cov 2", "disinfectants"]], "geographicCoverage": ["N/A"], "westBoundingCoordinate": ["N/A"], "eastBoundingCoordinate": ["N/A"], "northBoundingCoordinate": ["N/A"], "southBoundingCoordinate": ["N/A"], "dateCreated": ["N/A"], "temporalCoverageEndDate": ["N/A"], "license": ["Public Domain"], "distribution": ["N/A"], "distributionInfo": ["N/A"], "identifier": ["N/A"], "accessibilitySummary": ["N/A"], "version": ["N/A"], "temporalCoverage": ["N/A"], "publisher": ["N/A"], "spatial": ["N/A"], "citation": ["N/A"], "genre": ["N/A"], "modificationDate": ["N/A"], "image": ["N/A"], "thumbnailUrl": ["N/A"], "headline": ["EPA Approved Disinfectants for Combatting COVID-19 - dataset by smartersorting | data.world"], "abstract": ["N/A"], "theme": ["N/A"], "creditText": ["N/A"], "producer": ["N/A"], "author": ["N/A"], "spatialCoverage": ["N/A"], "sponsor": ["N/A"], "size": ["N/A"], "sameAs": ["N/A"], "publication": ["N/A"], "provider": ["N/A"], "position": ["N/A"], "measurementTechnique": ["N/A"], "material": ["N/A"], "maintainer": ["N/A"], "locationCreated": ["N/A"], "issn": ["N/A"], "isPartOf": ["N/A"], "isBasedOn": ["N/A"], "isAccessibleForFree": ["N/A"], "includedInDataCatalog": ["N/A"], "editor": ["N/A"], "editEIDR": ["N/A"], "copyrightYear": ["N/A"], "copyrightNotice": ["N/A"], "copyrightHolder": ["N/A"], "contributor": ["N/A"], "contentReferenceTime": ["N/A"], "contentLocation": ["N/A"], "character": ["N/A"], "acquireLicensePage": ["N/A"], "accessModeSufficient": ["N/A"], "about": ["N/A"], "rights": ["N/A"], "relation": ["N/A"], "qualifiedRelation": ["N/A"], "qualifiedAttribution": ["N/A"], "previousVersion": ["N/A"], "nextVersion": ["N/A"], "landingPage": ["N/A"], "isReferencedBy": ["N/A"], "hasVersion": ["N/A"], "hasPolicy": ["N/A"], "hasCurrentVersion": ["N/A"], "useConstraints": ["N/A"], "status": ["N/A"], "spatialRepresentationType": ["N/A"], "scope": ["N/A"], "purpose": ["N/A"], "otherLocale": ["N/A"], "metadataProfile": ["N/A"], "metadataLinkage": ["N/A"], "metadataIdentifier": ["N/A"], "environmentDescription": ["N/A"], "contentInfo": ["N/A"], "ResearchInfrastructure": ["N/A"], "EssentialVariables": ["N/A"], "potentialTopics": ["N/A"]}