{"url": ["https://data.world/scuttlemonkey/2017-open-data-science-leadership-summit"], "name": ["2017 - Open Data Science Leadership Summit"], "description": ["# Open Data Science Leadership Summit10 November 2017 at Galvanize San FranciscoThis summit was a collaborative gathering of some of the leaders in the Data Science, Semantics, Journalism, and Visualization worlds.The aim was to start discussions that could help crystalize thinking and action in the industry to better define Data Science and help the community to evolve with cohesion. If you have any questions, please direct them to patrick@data.world.### Summary* [Schedule and Descriptions](https://data.world/scuttlemonkey/2017-open-data-science-leadership-summit/workspace/file?filename=logistics.md)* [Attendees](https://data.world/scuttlemonkey/2017-open-data-science-leadership-summit/workspace/file?filename=attendees.md) * Slides from morning sessions* [The Future of Data Science](https://data.world/scuttlemonkey/2017-open-data-science-leadership-summit/workspace/file?filename=Future+of+Data+Science.pptx)* [Data Science for Humanity](https://data.world/scuttlemonkey/2017-open-data-science-leadership-summit/workspace/file?filename=Polaris.pptx)* [Defending Democracy](https://data.world/scuttlemonkey/2017-open-data-science-leadership-summit/workspace/file?filename=Paragon_Science_Social_Bot_Detection.ppt)* Manifesto Pre-Reading* [A Manifesto for Agile Data Science](https://www.oreilly.com/ideas/a-manifesto-for-agile-data-science) (Russell Jurney)* [Manifesto Prep](https://data.world/scuttlemonkey/2017-open-data-science-leadership-summit/workspace/file?filename=data.world-manifesto_prep.pdf) (data.world)* [Manifesto Working Draft](https://docs.google.com/document/d/1CddVe2hmcqe8yoH6ORyzUp0_a2ZxVteAvYhdv2AD9H4/edit?usp=sharing)* [Overall Summit Highlights](https://data.world/scuttlemonkey/2017-open-data-science-leadership-summit/workspace/file?filename=highlights.md)### Detailed Notes* Morning Presentations ([detailed notes](https://data.world/scuttlemonkey/2017-open-data-science-leadership-summit/workspace/file?filename=morning_talks.md)) * [Video](https://www.youtube.com/watch?v=t5debTVKS60&list=PLMttX_dcWH-pb_33gYGV4aqx0Qiu9eo0-&index=1) - Welcome and Intro (Jon Loyens, data.world) * [Video](https://www.youtube.com/watch?v=NJvDuI3dQVc&list=PLMttX_dcWH-pb_33gYGV4aqx0Qiu9eo0-&index=2) - Machine Intelligence: Current Changes Among Fortune 500 Companies, and What can be Done (Nir Kaldero, Galvanize)* [Video](https://www.youtube.com/watch?v=zKlD6PzkOFQ&index=3&list=PLMttX_dcWH-pb_33gYGV4aqx0Qiu9eo0-) - The Future of Data Science (Natalie Evans Harris, BrightHive) * [Video](https://www.youtube.com/watch?v=kIrSmdOjiEo&list=PLMttX_dcWH-pb_33gYGV4aqx0Qiu9eo0-&index=4) - Panel:Solving Data Science Problems in the Real World (Jonathon Morgan, Troy Thibodeaux, Fernando Perez, Bryon Jacob) * [Video](https://www.youtube.com/watch?v=yTb7PRlQ6j0&list=PLMttX_dcWH-pb_33gYGV4aqx0Qiu9eo0-&index=5) - Data Science for Humanity: Combating Human Trafficking (Therese Couture, Polaris)* [Video](https://www.youtube.com/watch?v=mfxDkiL9thM&index=6&list=PLMttX_dcWH-pb_33gYGV4aqx0Qiu9eo0-) - Defending Democracy: Identifying Viral Bots and Cyborgs in Social Media (Steve Kramer, Paragon Science)* [Working Session - Data Storytelling](https://data.world/scuttlemonkey/2017-open-data-science-leadership-summit/workspace/file?filename=data_storytelling.md)* [Working Session - Data Science Toolchain](https://data.world/scuttlemonkey/2017-open-data-science-leadership-summit/workspace/file?filename=toolchain.md)* [Working Session - Data Science Manifesto / Data Science Ethics](https://data.world/scuttlemonkey/2017-open-data-science-leadership-summit/workspace/file?filename=manifesto_and_ethics.md)"], "datePublished": ["2017-11-17"], "language": ["N/A"], "creator": ["Patrick McGarry"], "metadataProvider": ["N/A"], "contact": ["N/A"], "associatedParty": ["N/A"], "licenseInformation": ["CC-0"], "downloadLink": ["N/A"], "keywords": [["odsls", "summit", "leadership summit", "open data science", "data science", "events"]], "geographicCoverage": ["N/A"], "westBoundingCoordinate": ["N/A"], "eastBoundingCoordinate": ["N/A"], "northBoundingCoordinate": ["N/A"], "southBoundingCoordinate": ["N/A"], "dateCreated": ["N/A"], "temporalCoverageEndDate": ["N/A"], "license": ["CC-0"], "distribution": ["N/A"], "distributionInfo": ["N/A"], "identifier": ["N/A"], "accessibilitySummary": ["N/A"], "version": ["N/A"], "temporalCoverage": ["N/A"], "publisher": ["N/A"], "spatial": ["N/A"], "citation": ["N/A"], "genre": ["N/A"], "modificationDate": ["N/A"], "image": ["N/A"], "thumbnailUrl": ["N/A"], "headline": ["2017 - Open Data Science Leadership Summit - dataset by scuttlemonkey | data.world"], "abstract": ["N/A"], "theme": ["N/A"], "creditText": ["N/A"], "producer": ["N/A"], "author": ["N/A"], "spatialCoverage": ["N/A"], "sponsor": ["N/A"], "size": ["N/A"], "sameAs": ["N/A"], "publication": ["N/A"], "provider": ["N/A"], "position": ["N/A"], "measurementTechnique": ["N/A"], "material": ["N/A"], "maintainer": ["N/A"], "locationCreated": ["N/A"], "issn": ["N/A"], "isPartOf": ["N/A"], "isBasedOn": ["N/A"], "isAccessibleForFree": ["N/A"], "includedInDataCatalog": ["N/A"], "editor": ["N/A"], "editEIDR": ["N/A"], "copyrightYear": ["N/A"], "copyrightNotice": ["N/A"], "copyrightHolder": ["N/A"], "contributor": ["N/A"], "contentReferenceTime": ["N/A"], "contentLocation": ["N/A"], "character": ["N/A"], "acquireLicensePage": ["N/A"], "accessModeSufficient": ["N/A"], "about": ["N/A"], "rights": ["N/A"], "relation": ["N/A"], "qualifiedRelation": ["N/A"], "qualifiedAttribution": ["N/A"], "previousVersion": ["N/A"], "nextVersion": ["N/A"], "landingPage": ["N/A"], "isReferencedBy": ["N/A"], "hasVersion": ["N/A"], "hasPolicy": ["N/A"], "hasCurrentVersion": ["N/A"], "useConstraints": ["N/A"], "status": ["N/A"], "spatialRepresentationType": ["N/A"], "scope": ["N/A"], "purpose": ["N/A"], "otherLocale": ["N/A"], "metadataProfile": ["N/A"], "metadataLinkage": ["N/A"], "metadataIdentifier": ["N/A"], "environmentDescription": ["N/A"], "contentInfo": ["N/A"], "ResearchInfrastructure": ["N/A"], "EssentialVariables": ["N/A"], "potentialTopics": ["N/A"]}