{"url": ["https://catalog.data.gov/dataset/quick-stats-agricultural-database-api"], "name": ["Quick Stats Agricultural Database API - CKAN"], "description": ["Quick Stats API is the programmatic interface to the National Agricultural Statistics Service's (NASS) online database containing results from the 1997, 2002, 2007, and 2012 Censuses of Agriculture as well as the best source of NASS survey published estimates. The census collects data on all commodities produced on U.S. farms and ranches, as well as detailed information on expenses, income, and operator characteristics. The surveys that NASS conducts collect information on virtually every facet of U.S. agricultural production."], "datePublished": ["N/A"], "language": ["N/A"], "creator": ["N/A"], "metadataProvider": ["N/A"], "contact": ["N/A"], "associatedParty": ["N/A"], "licenseInformation": ["N/A"], "downloadLink": ["N/A"], "keywords": ["abandoned acres african-american-op.. ag-land ag-services age agri-tourism agriculture alfalfa alfalfa-seed almonds alpacas american-indian-res.. angora-goats apples apricots aquaculture aquatic-plants artichokes asian-operators asparagus avocados bales bananas barley bedding-plants bee-colonies beef-cow bees beets bell-peppers berries bison black-operators blackberries blackeyed-peas blueberries boysenberries broccoli broilers brussels-sprouts bulbs bull burros bushels cabbage calves cantaloupes carrots cash-rents cattle cauliflower ccc celery chemicals cherries chestnuts chickens chicory chile chinese-cabbage christmas-trees citrus coffee collards combines commodity-credit-co.. conservation-practices conservation-reserve contract-labor corms corn cotton cotton-pickers cowpeas cranberries crop-insurance cropland crp cucumbers currants custom-hauling customwork cut-flowers cuttings cwt daikon dairy-products data dates deer dewberries donkeys dry-edible-beans dry-edible-peas ducks durum-wheat eggplant eggs elk emus endive english-walnuts equipment escarole ewe experimental-farms farm-demographics farm-economics farm-income farm-operations farmable-wetlands farms feed-purchased fertilizer fescue-seed field-crops figs filberts flaxseed floriculture flower-seeds flowering-plants foliage-plants forage fruits fuels garden-plants garlic geese ginseng goats government-payments grapefruit grapes grass-seed grazing green-onions greenchop greenhouse greenhouse-tomatoes greenhouse-vegetables guavas harvested harvesters hay hay-balers haylage hazelnuts herbs herd hired-farm-labor hispanic-operators hogs honey honeydew-melon hops horseradish horses idle institutional-farms interest-expense inventory irrigation kale kiwifruit kumquats lambs land-in-farms land-rents land-value landlord latino-operators layers lemons lentils lettuce lima-beans limes liners llamas loganberries macadamia-nuts machinery-value mangoes manure maple-syrup meat-goats melons milk-cow milk-goats mink mint mohair mules mushrooms mustard naics nass native-hawaiian-ope.. nectarines noncitrus nonirrigated north-american-indu.. number-sold nursery nursery-stock nuts oats okra olives onions operation operator-characteri.. oranges orchards organic ostriches other-animals pacific-island-oper.. papayas parsley passion-fruit pasture peaches peanuts pears peas pecans pelts peppers persimmons pheasants pickles pigeons pigs pima-cotton pineapples pistachios planted plugs plums pluots pomegranates ponies popcorn potatoes poultry pounds price primary-occupation production-contracts production-expenses property-tax proso-millet prunes pullets pumpkins quail rabbits radishes rangeland raspberries real-estate research-farms rhizomes rhubarb rice ryegrass-seed safflower sales seedlings sheep short-rotation silage snap-beans sod sorghum soybeans spanish-operators spinach spring-wheat squab squash storage-capacity strawberries sugar sugarbeets sugarcane sunflower-seed sweet-cherries sweet-corn sweet-potatoes tame-blueberries tame-hay tangelos tangerines tart-cherries temples tenant tenure tobacco tomatoes tons tractors trucks tubers turkeys turnip-greens turnips upland-cotton usda utilities valencia-oranges value-of-production vegetable-seeds vegetables vines walnuts watercress watermelons wetlands-reserve wheat white-operators wild-blueberries wild-hay winter-wheat women-operators woodland woody-crops wool"], "geographicCoverage": ["N/A"], "westBoundingCoordinate": ["N/A"], "eastBoundingCoordinate": ["N/A"], "northBoundingCoordinate": ["N/A"], "southBoundingCoordinate": ["N/A"], "dateCreated": ["N/A"], "temporalCoverageEndDate": ["N/A"], "license": ["N/A"], "distribution": ["N/A"], "distributionInfo": ["N/A"], "identifier": ["N/A"], "accessibilitySummary": ["N/A"], "version": ["N/A"], "temporalCoverage": ["N/A"], "publisher": ["N/A"], "spatial": ["N/A"], "citation": ["N/A"], "genre": ["N/A"], "modificationDate": ["N/A"], "image": ["N/A"], "thumbnailUrl": ["N/A"], "headline": ["Quick Stats Agricultural Database API - CKAN"], "abstract": ["N/A"], "theme": ["N/A"], "creditText": ["N/A"], "producer": ["N/A"], "author": ["N/A"], "spatialCoverage": ["N/A"], "sponsor": ["N/A"], "size": ["N/A"], "sameAs": ["N/A"], "publication": ["N/A"], "provider": ["N/A"], "position": ["N/A"], "measurementTechnique": ["N/A"], "material": ["N/A"], "maintainer": ["N/A"], "locationCreated": ["N/A"], "issn": ["N/A"], "isPartOf": ["N/A"], "isBasedOn": ["N/A"], "isAccessibleForFree": ["N/A"], "includedInDataCatalog": ["N/A"], "editor": ["N/A"], "editEIDR": ["N/A"], "copyrightYear": ["N/A"], "copyrightNotice": ["N/A"], "copyrightHolder": ["N/A"], "contributor": ["N/A"], "contentReferenceTime": ["N/A"], "contentLocation": ["N/A"], "character": ["N/A"], "acquireLicensePage": ["N/A"], "accessModeSufficient": ["N/A"], "about": ["N/A"], "rights": ["N/A"], "relation": ["N/A"], "qualifiedRelation": ["N/A"], "qualifiedAttribution": ["N/A"], "previousVersion": ["N/A"], "nextVersion": ["N/A"], "landingPage": ["N/A"], "isReferencedBy": ["N/A"], "hasVersion": ["N/A"], "hasPolicy": ["N/A"], "hasCurrentVersion": ["N/A"], "useConstraints": ["N/A"], "status": ["N/A"], "spatialRepresentationType": ["N/A"], "scope": ["N/A"], "purpose": ["N/A"], "otherLocale": ["N/A"], "metadataProfile": ["N/A"], "metadataLinkage": ["N/A"], "metadataIdentifier": ["N/A"], "environmentDescription": ["N/A"], "contentInfo": ["N/A"], "ResearchInfrastructure": ["N/A"], "EssentialVariables": ["N/A"], "potentialTopics": ["N/A"]}