{"url": ["https://catalog.data.gov/dataset/medical-expenditure-panel-survey-meps-summary-data-tables"], "name": ["Medical Expenditure Panel Survey (MEPS) Summary Data Tables - CKAN"], "description": ["Summary Data Tables Data collected through MEPS are used to generate tables with frequently used summary statistics. These tables are available here for both the Household Component and the Insurance Component. Household Component Summary Tables The Household Component summary tables provide frequently used summary estimates at the national level on household medical utilization and expenditures: demographic characteristics, health conditions, health status, use of medical care services, charges and payments, access to care, satisfaction with care, health insurance coverage, income, and employment. Some of these tables can be customized online. State-level estimates of household medical utilization and expenditures are also provided for selected states. Insurance Component Summary Tables The Insurance Component summary tables provide estimates at the national, state, and metro area levels on employer-based health insurance: number and types of insurance plans, premiums, benefits, contributions by employers and employees, and employer characteristics. Please note, in preparation for improvements in the data collection process, 2007 data for the Insurance Component was not collected. MEPS employer-based health insurance tables are produced in the year following data collection. Private-sector tables are posted in July; government and civilian tables are posted in November. National-level tables: Private sector estimates by firm size, industry group, census regions and other characteristics; public sector data by state and local government types, government size, and census division; civilian estimates that incorporate both the private and state and local government sectors; national totals for enrollees and cost of health insurance coverage for both the private and public sectors. State and metro area tables: State-level estimates for the private sector by firm size, industry groupings, ownership type, age of firm, employee characteristics, and average wage quartiles. Metropolitan area private sector estimates of premiums, employee contributions, enrollments, and take-up rates by firm size."], "datePublished": ["N/A"], "language": ["N/A"], "creator": ["N/A"], "metadataProvider": ["N/A"], "contact": ["N/A"], "associatedParty": ["N/A"], "licenseInformation": ["N/A"], "downloadLink": ["N/A"], "keywords": ["agency-for-healthca.. health-care-cost"], "geographicCoverage": ["N/A"], "westBoundingCoordinate": ["N/A"], "eastBoundingCoordinate": ["N/A"], "northBoundingCoordinate": ["N/A"], "southBoundingCoordinate": ["N/A"], "dateCreated": ["N/A"], "temporalCoverageEndDate": ["N/A"], "license": ["N/A"], "distribution": ["N/A"], "distributionInfo": ["N/A"], "identifier": ["N/A"], "accessibilitySummary": ["N/A"], "version": ["N/A"], "temporalCoverage": ["N/A"], "publisher": ["N/A"], "spatial": ["N/A"], "citation": ["N/A"], "genre": ["N/A"], "modificationDate": ["N/A"], "image": ["N/A"], "thumbnailUrl": ["N/A"], "headline": ["Medical Expenditure Panel Survey (MEPS) Summary Data Tables - CKAN"], "abstract": ["N/A"], "theme": ["N/A"], "creditText": ["N/A"], "producer": ["N/A"], "author": ["N/A"], "spatialCoverage": ["N/A"], "sponsor": ["N/A"], "size": ["N/A"], "sameAs": ["N/A"], "publication": ["N/A"], "provider": ["N/A"], "position": ["N/A"], "measurementTechnique": ["N/A"], "material": ["N/A"], "maintainer": ["N/A"], "locationCreated": ["N/A"], "issn": ["N/A"], "isPartOf": ["N/A"], "isBasedOn": ["N/A"], "isAccessibleForFree": ["N/A"], "includedInDataCatalog": ["N/A"], "editor": ["N/A"], "editEIDR": ["N/A"], "copyrightYear": ["N/A"], "copyrightNotice": ["N/A"], "copyrightHolder": ["N/A"], "contributor": ["N/A"], "contentReferenceTime": ["N/A"], "contentLocation": ["N/A"], "character": ["N/A"], "acquireLicensePage": ["N/A"], "accessModeSufficient": ["N/A"], "about": ["N/A"], "rights": ["N/A"], "relation": ["N/A"], "qualifiedRelation": ["N/A"], "qualifiedAttribution": ["N/A"], "previousVersion": ["N/A"], "nextVersion": ["N/A"], "landingPage": ["N/A"], "isReferencedBy": ["N/A"], "hasVersion": ["N/A"], "hasPolicy": ["N/A"], "hasCurrentVersion": ["N/A"], "useConstraints": ["N/A"], "status": ["N/A"], "spatialRepresentationType": ["N/A"], "scope": ["N/A"], "purpose": ["N/A"], "otherLocale": ["N/A"], "metadataProfile": ["N/A"], "metadataLinkage": ["N/A"], "metadataIdentifier": ["N/A"], "environmentDescription": ["N/A"], "contentInfo": ["N/A"], "ResearchInfrastructure": ["N/A"], "EssentialVariables": ["N/A"], "potentialTopics": ["N/A"]}