{"url": ["https://catalog.data.gov/dataset/airborne-multi-angle-imaging-spectroradiometer-airmisr-data-from-the-lunar-lake-2000-campa"], "name": ["Airborne Multi-angle Imaging SpectroRadiometer (AirMISR) Data from the Lunar Lake 2000 Campaign - CKAN"], "description": ["The AIRMISR_LUNAR_LAKE_2000 data were acquired during a flight over Lunar Lake, Nevada on June 11, 2000. The Jet Propulsion Laboratory (JPL) in Pasadena, California provided the data. The Airborne Multi-angle Imaging SpectroRadiometer (AirMISR) is an airborne instrument for obtaining multi-angle imagery similar to that of the satellite-borne Multi-angle Imaging SpectroRadiometer (MISR) instrument, which is designed to contribute to studies of the Earth's ecology and climate. AirMISR flies on the NASA ER-2 aircraft. The Jet Propulsion Laboratory in Pasadena, California built the instrument for NASA. Unlike the satellite-borne MISR instrument, which has nine cameras oriented at various angles, AirMISR uses a single camera in a pivoting gimbal mount. A data run by the ER-2 aircraft is divided into nine segments, each with the camera positioned to a MISR look angle. The gimbal rotates between successive segments, such that each segment acquires data over the same area on the ground as the previous segment. This process is repeated until all nine angles of the target area are collected. The swath width, which varies from 11 km in the nadir to 32 km at the most oblique angle, is governed by the camera's instantaneous field-of-view of 7 meters cross-track x 6 meters along-track in the nadir view and 21 meters x 55 meters at the most oblique angle. The along-track image length at each angle is dictated by the timing required to obtain overlap imagery at all angles, and varies from about 9 km in the nadir to 26 km at the most oblique angle. Thus, the nadir image dictates the area of overlap that is obtained from all nine angles. A complete flight run takes approximately 13 minutes. The 9 camera viewing angles are:0 degrees or nadir26.1 degrees, fore and aft45.6 degrees, fore and aft60.0 degrees, fore and aft70.5 degrees, fore and aft For each of the camera angles, images are obtained at 4 spectral bands. The spectral bands can be used to identify vegetation and aerosols, estimate surface reflectance and ocean color studies. The center wavelengths of the 4 spectral bands are:443 nanometers, blue555 nanometers, green670 nanometers, red865 nanometers, near-infrared Two types of AirMISR data products are available - the Level 1 Radiometric product (L1B1) and the Level 1 Georectified radiance product (L1B2)."], "datePublished": ["N/A"], "language": ["N/A"], "creator": ["N/A"], "metadataProvider": ["N/A"], "contact": ["N/A"], "associatedParty": ["N/A"], "licenseInformation": ["N/A"], "downloadLink": ["N/A"], "keywords": ["earth-science infrared-wavelengths national-geospatial.. ngda spectral-engineering visible-wavelengths"], "geographicCoverage": ["N/A"], "westBoundingCoordinate": ["N/A"], "eastBoundingCoordinate": ["N/A"], "northBoundingCoordinate": ["N/A"], "southBoundingCoordinate": ["N/A"], "dateCreated": ["N/A"], "temporalCoverageEndDate": ["N/A"], "license": ["N/A"], "distribution": ["N/A"], "distributionInfo": ["N/A"], "identifier": ["N/A"], "accessibilitySummary": ["N/A"], "version": ["N/A"], "temporalCoverage": ["N/A"], "publisher": ["N/A"], "spatial": ["N/A"], "citation": ["N/A"], "genre": ["N/A"], "modificationDate": ["N/A"], "image": ["N/A"], "thumbnailUrl": ["N/A"], "headline": ["Airborne Multi-angle Imaging SpectroRadiometer (AirMISR) Data from the Lunar Lake 2000 Campaign - CKAN"], "abstract": ["N/A"], "theme": ["N/A"], "creditText": ["N/A"], "producer": ["N/A"], "author": ["N/A"], "spatialCoverage": ["N/A"], "sponsor": ["N/A"], "size": ["N/A"], "sameAs": ["N/A"], "publication": ["N/A"], "provider": ["N/A"], "position": ["N/A"], "measurementTechnique": ["N/A"], "material": ["N/A"], "maintainer": ["N/A"], "locationCreated": ["N/A"], "issn": ["N/A"], "isPartOf": ["N/A"], "isBasedOn": ["N/A"], "isAccessibleForFree": ["N/A"], "includedInDataCatalog": ["N/A"], "editor": ["N/A"], "editEIDR": ["N/A"], "copyrightYear": ["N/A"], "copyrightNotice": ["N/A"], "copyrightHolder": ["N/A"], "contributor": ["N/A"], "contentReferenceTime": ["N/A"], "contentLocation": ["N/A"], "character": ["N/A"], "acquireLicensePage": ["N/A"], "accessModeSufficient": ["N/A"], "about": ["N/A"], "rights": ["N/A"], "relation": ["N/A"], "qualifiedRelation": ["N/A"], "qualifiedAttribution": ["N/A"], "previousVersion": ["N/A"], "nextVersion": ["N/A"], "landingPage": ["N/A"], "isReferencedBy": ["N/A"], "hasVersion": ["N/A"], "hasPolicy": ["N/A"], "hasCurrentVersion": ["N/A"], "useConstraints": ["N/A"], "status": ["N/A"], "spatialRepresentationType": ["N/A"], "scope": ["N/A"], "purpose": ["N/A"], "otherLocale": ["N/A"], "metadataProfile": ["N/A"], "metadataLinkage": ["N/A"], "metadataIdentifier": ["N/A"], "environmentDescription": ["N/A"], "contentInfo": ["N/A"], "ResearchInfrastructure": ["N/A"], "EssentialVariables": ["N/A"], "potentialTopics": ["N/A"]}