{"url": ["https://catalog.data.gov/dataset/eoir-case-data"], "name": ["EOIR Case Data - CKAN"], "description": ["In 2008, EOIR began receiving requests from a university-affiliated data clearinghouse for large, raw data files from the agency\u00e2\u0080\u0099s case file electronic database. As EOIR has received at least three FOIA requests for this information, the FOIA Improvement Act of 2016 requires the agency to make the records available for public inspection in an electronic format. That data is updated monthly and posted below."], "datePublished": ["N/A"], "language": ["N/A"], "creator": ["N/A"], "metadataProvider": ["N/A"], "contact": ["N/A"], "associatedParty": ["N/A"], "licenseInformation": ["N/A"], "downloadLink": ["N/A"], "keywords": ["case-data foia"], "geographicCoverage": ["N/A"], "westBoundingCoordinate": ["N/A"], "eastBoundingCoordinate": ["N/A"], "northBoundingCoordinate": ["N/A"], "southBoundingCoordinate": ["N/A"], "dateCreated": ["N/A"], "temporalCoverageEndDate": ["N/A"], "license": ["N/A"], "distribution": ["N/A"], "distributionInfo": ["N/A"], "identifier": ["N/A"], "accessibilitySummary": ["N/A"], "version": ["N/A"], "temporalCoverage": ["N/A"], "publisher": ["N/A"], "spatial": ["N/A"], "citation": ["N/A"], "genre": ["N/A"], "modificationDate": ["N/A"], "image": ["N/A"], "thumbnailUrl": ["N/A"], "headline": ["EOIR Case Data - CKAN"], "abstract": ["N/A"], "theme": ["N/A"], "creditText": ["N/A"], "producer": ["N/A"], "author": ["N/A"], "spatialCoverage": ["N/A"], "sponsor": ["N/A"], "size": ["N/A"], "sameAs": ["N/A"], "publication": ["N/A"], "provider": ["N/A"], "position": ["N/A"], "measurementTechnique": ["N/A"], "material": ["N/A"], "maintainer": ["N/A"], "locationCreated": ["N/A"], "issn": ["N/A"], "isPartOf": ["N/A"], "isBasedOn": ["N/A"], "isAccessibleForFree": ["N/A"], "includedInDataCatalog": ["N/A"], "editor": ["N/A"], "editEIDR": ["N/A"], "copyrightYear": ["N/A"], "copyrightNotice": ["N/A"], "copyrightHolder": ["N/A"], "contributor": ["N/A"], "contentReferenceTime": ["N/A"], "contentLocation": ["N/A"], "character": ["N/A"], "acquireLicensePage": ["N/A"], "accessModeSufficient": ["N/A"], "about": ["N/A"], "rights": ["N/A"], "relation": ["N/A"], "qualifiedRelation": ["N/A"], "qualifiedAttribution": ["N/A"], "previousVersion": ["N/A"], "nextVersion": ["N/A"], "landingPage": ["N/A"], "isReferencedBy": ["N/A"], "hasVersion": ["N/A"], "hasPolicy": ["N/A"], "hasCurrentVersion": ["N/A"], "useConstraints": ["N/A"], "status": ["N/A"], "spatialRepresentationType": ["N/A"], "scope": ["N/A"], "purpose": ["N/A"], "otherLocale": ["N/A"], "metadataProfile": ["N/A"], "metadataLinkage": ["N/A"], "metadataIdentifier": ["N/A"], "environmentDescription": ["N/A"], "contentInfo": ["N/A"], "ResearchInfrastructure": ["N/A"], "EssentialVariables": ["N/A"], "potentialTopics": ["N/A"]}