{"url": ["https://catalog.data.gov/dataset/3d-high-density-mmwave-interconnects-phase-i"], "name": ["3D High Density mmWave Interconnects, Phase I - CKAN"], "description": ["Nuvotronics has developed and optimized the PolyStrataTM process for the fabrication of intricate microwave and millimeter-wave devices.These devices have primarily been rectangular coaxial transmission lines, although rectangular waveguide and other structures have also been demonstrated.Intricate devices have been demonstrated with insertion loss 5 to 10 times lower than traditional planar circuits; isolation better than 60dB for lines that share separating walls; multiple levels of densely-packed coaxial circuits; and low-parasitic attachment to active devices and traditional circuit boards.In this Phase I project, Nuvotronics is proposing to develop high density low-loss millimeter backplane circuits to package and interconnect components offuture NASA millimeter wave (MMW) radars.The significance of the innovation primarily lies in three areas: reduction of system size, weight and loss in MMW radars.The PolyStrata technology is a batch manufacturing process, providing economies of scale and cost reduction for higher volumes, in addition to flexibility in design for various frequencies of interest.Nuvotronics will design and test select Polystrata interconnects at MMW frequencies of interest, with particular attention to performance over temperature and survivability to launch conditions.The result of the Phase I research will prove the feasibilty of utlizing the Polystrata MMW backplane technology in future NASA missions, and provide the foundation for full scale development, testing, and prototype delivery during the Phase II project."], "datePublished": ["N/A"], "language": ["N/A"], "creator": ["N/A"], "metadataProvider": ["N/A"], "contact": ["N/A"], "associatedParty": ["N/A"], "licenseInformation": ["N/A"], "downloadLink": ["N/A"], "keywords": ["completed jet-propulsion-labo.."], "geographicCoverage": ["N/A"], "westBoundingCoordinate": ["N/A"], "eastBoundingCoordinate": ["N/A"], "northBoundingCoordinate": ["N/A"], "southBoundingCoordinate": ["N/A"], "dateCreated": ["N/A"], "temporalCoverageEndDate": ["N/A"], "license": ["N/A"], "distribution": ["N/A"], "distributionInfo": ["N/A"], "identifier": ["N/A"], "accessibilitySummary": ["N/A"], "version": ["N/A"], "temporalCoverage": ["N/A"], "publisher": ["N/A"], "spatial": ["N/A"], "citation": ["N/A"], "genre": ["N/A"], "modificationDate": ["N/A"], "image": ["N/A"], "thumbnailUrl": ["N/A"], "headline": ["3D High Density mmWave Interconnects, Phase I - CKAN"], "abstract": ["N/A"], "theme": ["N/A"], "creditText": ["N/A"], "producer": ["N/A"], "author": ["N/A"], "spatialCoverage": ["N/A"], "sponsor": ["N/A"], "size": ["N/A"], "sameAs": ["N/A"], "publication": ["N/A"], "provider": ["N/A"], "position": ["N/A"], "measurementTechnique": ["N/A"], "material": ["N/A"], "maintainer": ["N/A"], "locationCreated": ["N/A"], "issn": ["N/A"], "isPartOf": ["N/A"], "isBasedOn": ["N/A"], "isAccessibleForFree": ["N/A"], "includedInDataCatalog": ["N/A"], "editor": ["N/A"], "editEIDR": ["N/A"], "copyrightYear": ["N/A"], "copyrightNotice": ["N/A"], "copyrightHolder": ["N/A"], "contributor": ["N/A"], "contentReferenceTime": ["N/A"], "contentLocation": ["N/A"], "character": ["N/A"], "acquireLicensePage": ["N/A"], "accessModeSufficient": ["N/A"], "about": ["N/A"], "rights": ["N/A"], "relation": ["N/A"], "qualifiedRelation": ["N/A"], "qualifiedAttribution": ["N/A"], "previousVersion": ["N/A"], "nextVersion": ["N/A"], "landingPage": ["N/A"], "isReferencedBy": ["N/A"], "hasVersion": ["N/A"], "hasPolicy": ["N/A"], "hasCurrentVersion": ["N/A"], "useConstraints": ["N/A"], "status": ["N/A"], "spatialRepresentationType": ["N/A"], "scope": ["N/A"], "purpose": ["N/A"], "otherLocale": ["N/A"], "metadataProfile": ["N/A"], "metadataLinkage": ["N/A"], "metadataIdentifier": ["N/A"], "environmentDescription": ["N/A"], "contentInfo": ["N/A"], "ResearchInfrastructure": ["N/A"], "EssentialVariables": ["N/A"], "potentialTopics": ["N/A"]}