{"url": ["https://data.world/liz-friedman/us-covid-19-data-from-nytimes"], "name": ["US Covid-19 data from NYTimes"], "description": ["--- {\"editor\":\"simple\"} --- \u00e2\u0080\u008b The New York Times is releasing a series of data files with cumulative counts of coronavirus cases in the United States, at the state and county level, over time. They are compiling this time series data from state and local governments and health departments in an attempt to provide a complete record of the ongoing outbreak.The data begins with the first reported coronavirus case in Washington State on Jan. 21, 2020, and is updated regularly.Included in this dataset: * State-level cumulative cases and deaths: [us-states.csv](https://data.world/liz-friedman/us-covid-19-data-from-nytimes/file/us-states.csv) * County-level cumulative cases and deaths: [us-counties.csv](https://data.world/liz-friedman/us-covid-19-data-from-nytimes/file/us-counties.csv) * National-level cumulative cases and deaths: [us.csv](https://data.world/liz-friedman/us-covid-19-data-from-nytimes/workspace/file?filename=us.csv)For information on the data collection methodology, see [methodology and definitions](https://github.com/nytimes/covid-19-data/blob/master/README.md#methodology-and-definitions).If you use this data, please let NYTimes know at [covid-data@nytimes.com](mailto:covid-data@nytimes.com) and indicate if you would be willing to talk to a reporter about your research. \u00e2\u0080\u008b _**Source:**_ [https://github.com/nytimes/covid-19-data/](https://github.com/nytimes/covid-19-data/) _\u00e2\u0080\u008b**Updated:**_**\u00e2\u0080\u008b**\u00e2\u0080\u008b syncs from source daily _**License:**_ * Copyright 2020 by The New York Times Company * In light of the current public health emergency, The New York Times Company is providing this database under the following free-of-cost, perpetual, non-exclusive license. **Anyone may copy, distribute, and display the database, or any part thereof, and make derivative works based on it, provided(a) any such use is for non-commercial purposes only and (b) credit is given to The New York Times** in any public display of the database, in any publication derived in part or in full from the database, and in any other public use of the data contained in or derived from the database. By accessing or copying any part of the database, the user accepts the terms of this license. Anyone seeking to use the database for other purposes is required to contact The New York Times Company at [covid-data@nytimes.com](mailto:covid-data@nytimes.com) to obtain permission. * The New York Times has made every effort to ensure the accuracy of the information. However, the database may contain typographic errors or inaccuracies and may not be complete or current at any given time. Licensees further agree to assume all liability for any claims that may arise from or relate in any way to their use of the database and to hold The New York Times Company harmless from any such claims. \u00e2\u0080\u008bSee more COVID-19 data on our resource page [https://data.world/resources/coronavirus/](https://data.world/resources/coronavirus/)"], "datePublished": ["2020-03-30"], "language": ["N/A"], "creator": ["Liz Friedman"], "metadataProvider": ["N/A"], "contact": ["N/A"], "associatedParty": ["N/A"], "licenseInformation": ["Other"], "downloadLink": ["N/A"], "keywords": [["coronavirus", "covid 19", "virus", "new york times", "nyt"]], "geographicCoverage": ["N/A"], "westBoundingCoordinate": ["N/A"], "eastBoundingCoordinate": ["N/A"], "northBoundingCoordinate": ["N/A"], "southBoundingCoordinate": ["N/A"], "dateCreated": ["N/A"], "temporalCoverageEndDate": ["N/A"], "license": ["Other"], "distribution": ["N/A"], "distributionInfo": ["N/A"], "identifier": ["N/A"], "accessibilitySummary": ["N/A"], "version": ["N/A"], "temporalCoverage": ["N/A"], "publisher": ["N/A"], "spatial": ["N/A"], "citation": ["N/A"], "genre": ["N/A"], "modificationDate": ["N/A"], "image": ["N/A"], "thumbnailUrl": ["N/A"], "headline": ["US Covid-19 data from NYTimes - dataset by liz-friedman | data.world"], "abstract": ["N/A"], "theme": ["N/A"], "creditText": ["N/A"], "producer": ["N/A"], "author": ["N/A"], "spatialCoverage": ["N/A"], "sponsor": ["N/A"], "size": ["N/A"], "sameAs": ["N/A"], "publication": ["N/A"], "provider": ["N/A"], "position": ["N/A"], "measurementTechnique": ["N/A"], "material": ["N/A"], "maintainer": ["N/A"], "locationCreated": ["N/A"], "issn": ["N/A"], "isPartOf": ["N/A"], "isBasedOn": ["N/A"], "isAccessibleForFree": ["N/A"], "includedInDataCatalog": ["N/A"], "editor": ["N/A"], "editEIDR": ["N/A"], "copyrightYear": ["N/A"], "copyrightNotice": ["N/A"], "copyrightHolder": ["N/A"], "contributor": ["N/A"], "contentReferenceTime": ["N/A"], "contentLocation": ["N/A"], "character": ["N/A"], "acquireLicensePage": ["N/A"], "accessModeSufficient": ["N/A"], "about": ["N/A"], "rights": ["N/A"], "relation": ["N/A"], "qualifiedRelation": ["N/A"], "qualifiedAttribution": ["N/A"], "previousVersion": ["N/A"], "nextVersion": ["N/A"], "landingPage": ["N/A"], "isReferencedBy": ["N/A"], "hasVersion": ["N/A"], "hasPolicy": ["N/A"], "hasCurrentVersion": ["N/A"], "useConstraints": ["N/A"], "status": ["N/A"], "spatialRepresentationType": ["N/A"], "scope": ["N/A"], "purpose": ["N/A"], "otherLocale": ["N/A"], "metadataProfile": ["N/A"], "metadataLinkage": ["N/A"], "metadataIdentifier": ["N/A"], "environmentDescription": ["N/A"], "contentInfo": ["N/A"], "ResearchInfrastructure": ["N/A"], "EssentialVariables": ["N/A"], "potentialTopics": ["N/A"]}