{"url": ["https://catalog.data.gov/dataset/nldas-secondary-forcing-data-l4-monthly-0-125-x-0-125-degree-v002-nldas-forb0125-m-at-ges-"], "name": ["NLDAS Secondary Forcing Data L4 Monthly 0.125 x 0.125 degree V002 (NLDAS_FORB0125_M) at GES DISC - CKAN"], "description": ["This data set contains the monthly secondary forcing data \"File B\" for Phase 2 of the North American Land Data Assimilation System (NLDAS-2).The data are in 1/8th degree grid spacing and range from Jan 1979 to the present. The temporal resolution is monthly.The file format is WMO GRIB-1. The NLDAS-2 monthly secondary forcing data were generated from the NLDAS-2 hourly secondary forcing data, as monthly accumulation for precipitation and convective precipitation and monthly average for other variables. Monthly period of each month is from 00Z at start of the month to 23:59Z at end of the month.The one exception to this is the first month (Jan. 1979) that starts from 00Z 02 Jan 1979, except for the monthly accumulated precipitation and convective precipitation that both start from 12Z 01 Jan 1979.A brief description about the NLDAS-2 hourly secondary forcing data can be found from the GCMD DIF for GES_DISC_NLDAS_FORB0125_H_V002.Details about the generation of the NLDAS-2 forcing datasets can be found in Xia et al. (2012). The NLDAS-2 monthly land surface forcing fields are grouped into two GRIB files, \"File A\" and \"File B\".\"File B\" is the secondary (optional) forcing file and contains ten fields.The data set applies a user-defined parameter table to indicate the contents and parameter number.The GRIBTAB file shows a list of parameters for this data set, along with their Product Definition Section (PDS) IDs and units. For more information, please see the README Document."], "datePublished": ["N/A"], "language": ["N/A"], "creator": ["N/A"], "metadataProvider": ["N/A"], "contact": ["N/A"], "associatedParty": ["N/A"], "licenseInformation": ["N/A"], "downloadLink": ["N/A"], "keywords": ["altitude atmosphere atmospheric-pressure atmospheric-radiation atmospheric-tempera.. atmospheric-water-v.. atmospheric-winds earth-science land-surface national-geospatial.. ngda precipitation surface-thermal-pro.."], "geographicCoverage": ["N/A"], "westBoundingCoordinate": ["N/A"], "eastBoundingCoordinate": ["N/A"], "northBoundingCoordinate": ["N/A"], "southBoundingCoordinate": ["N/A"], "dateCreated": ["N/A"], "temporalCoverageEndDate": ["N/A"], "license": ["N/A"], "distribution": ["N/A"], "distributionInfo": ["N/A"], "identifier": ["N/A"], "accessibilitySummary": ["N/A"], "version": ["N/A"], "temporalCoverage": ["N/A"], "publisher": ["N/A"], "spatial": ["N/A"], "citation": ["N/A"], "genre": ["N/A"], "modificationDate": ["N/A"], "image": ["N/A"], "thumbnailUrl": ["N/A"], "headline": ["NLDAS Secondary Forcing Data L4 Monthly 0.125 x 0.125 degree V002 (NLDAS_FORB0125_M) at GES DISC - CKAN"], "abstract": ["N/A"], "theme": ["N/A"], "creditText": ["N/A"], "producer": ["N/A"], "author": ["N/A"], "spatialCoverage": ["N/A"], "sponsor": ["N/A"], "size": ["N/A"], "sameAs": ["N/A"], "publication": ["N/A"], "provider": ["N/A"], "position": ["N/A"], "measurementTechnique": ["N/A"], "material": ["N/A"], "maintainer": ["N/A"], "locationCreated": ["N/A"], "issn": ["N/A"], "isPartOf": ["N/A"], "isBasedOn": ["N/A"], "isAccessibleForFree": ["N/A"], "includedInDataCatalog": ["N/A"], "editor": ["N/A"], "editEIDR": ["N/A"], "copyrightYear": ["N/A"], "copyrightNotice": ["N/A"], "copyrightHolder": ["N/A"], "contributor": ["N/A"], "contentReferenceTime": ["N/A"], "contentLocation": ["N/A"], "character": ["N/A"], "acquireLicensePage": ["N/A"], "accessModeSufficient": ["N/A"], "about": ["N/A"], "rights": ["N/A"], "relation": ["N/A"], "qualifiedRelation": ["N/A"], "qualifiedAttribution": ["N/A"], "previousVersion": ["N/A"], "nextVersion": ["N/A"], "landingPage": ["N/A"], "isReferencedBy": ["N/A"], "hasVersion": ["N/A"], "hasPolicy": ["N/A"], "hasCurrentVersion": ["N/A"], "useConstraints": ["N/A"], "status": ["N/A"], "spatialRepresentationType": ["N/A"], "scope": ["N/A"], "purpose": ["N/A"], "otherLocale": ["N/A"], "metadataProfile": ["N/A"], "metadataLinkage": ["N/A"], "metadataIdentifier": ["N/A"], "environmentDescription": ["N/A"], "contentInfo": ["N/A"], "ResearchInfrastructure": ["N/A"], "EssentialVariables": ["N/A"], "potentialTopics": ["N/A"]}