{"url": ["https://data.world/arcadeanalytics/best-500-albums-amazon-neptune"], "name": ["best-500-albums-amazon-neptune"], "description": ["Starting from [Rolling Stone's Top 500 Albums](https://data.world/notgibs/rolling-stones-top-500-albums) we generate a set of CSVs ready to be loaded to the[Amazon Neptune graph database](https://docs.aws.amazon.com/neptune/latest/userguide/intro.html)"], "datePublished": ["2018-06-21"], "language": ["N/A"], "creator": ["Arcade Analytics"], "metadataProvider": ["N/A"], "contact": ["N/A"], "associatedParty": ["N/A"], "licenseInformation": ["CC-0"], "downloadLink": ["N/A"], "keywords": [["music", "neptune"]], "geographicCoverage": ["N/A"], "westBoundingCoordinate": ["N/A"], "eastBoundingCoordinate": ["N/A"], "northBoundingCoordinate": ["N/A"], "southBoundingCoordinate": ["N/A"], "dateCreated": ["N/A"], "temporalCoverageEndDate": ["N/A"], "license": ["CC-0"], "distribution": ["N/A"], "distributionInfo": ["N/A"], "identifier": ["N/A"], "accessibilitySummary": ["N/A"], "version": ["N/A"], "temporalCoverage": ["N/A"], "publisher": ["N/A"], "spatial": ["N/A"], "citation": ["N/A"], "genre": ["N/A"], "modificationDate": ["N/A"], "image": ["N/A"], "thumbnailUrl": ["N/A"], "headline": ["best-500-albums-amazon-neptune - dataset by arcadeanalytics | data.world"], "abstract": ["N/A"], "theme": ["N/A"], "creditText": ["N/A"], "producer": ["N/A"], "author": ["N/A"], "spatialCoverage": ["N/A"], "sponsor": ["N/A"], "size": ["N/A"], "sameAs": ["N/A"], "publication": ["N/A"], "provider": ["N/A"], "position": ["N/A"], "measurementTechnique": ["N/A"], "material": ["N/A"], "maintainer": ["N/A"], "locationCreated": ["N/A"], "issn": ["N/A"], "isPartOf": ["N/A"], "isBasedOn": ["N/A"], "isAccessibleForFree": ["N/A"], "includedInDataCatalog": ["N/A"], "editor": ["N/A"], "editEIDR": ["N/A"], "copyrightYear": ["N/A"], "copyrightNotice": ["N/A"], "copyrightHolder": ["N/A"], "contributor": ["N/A"], "contentReferenceTime": ["N/A"], "contentLocation": ["N/A"], "character": ["N/A"], "acquireLicensePage": ["N/A"], "accessModeSufficient": ["N/A"], "about": ["N/A"], "rights": ["N/A"], "relation": ["N/A"], "qualifiedRelation": ["N/A"], "qualifiedAttribution": ["N/A"], "previousVersion": ["N/A"], "nextVersion": ["N/A"], "landingPage": ["N/A"], "isReferencedBy": ["N/A"], "hasVersion": ["N/A"], "hasPolicy": ["N/A"], "hasCurrentVersion": ["N/A"], "useConstraints": ["N/A"], "status": ["N/A"], "spatialRepresentationType": ["N/A"], "scope": ["N/A"], "purpose": ["N/A"], "otherLocale": ["N/A"], "metadataProfile": ["N/A"], "metadataLinkage": ["N/A"], "metadataIdentifier": ["N/A"], "environmentDescription": ["N/A"], "contentInfo": ["N/A"], "ResearchInfrastructure": ["N/A"], "EssentialVariables": ["N/A"], "potentialTopics": ["N/A"]}