{"url": ["https://catalog.data.gov/dataset/covid-19-public-therapeutic-locator"], "name": ["COVID-19 Public Therapeutic Locator - CKAN"], "description": ["Locations of publicly available COVID-19 Therapeutics. Dataset only includes locations for Evusheld (monoclonal antibody), Molnupiravir (antiviral), and Paxlovid (Antiviral). COVID-19 therapeutics require a prescription to obtain. Limitations: public contact information. To filter, click 'View Data' below, then 'Filter.' To save your view, click 'Save as,' and this configuration will be saved in your profile under 'My Assets.' Please try not to publish dataset publicly, unless necessary. On 1/3/2022 - The following changes were made to this dataset. - Dropped the Expected Deliver Date column - This was a derived field set to 3 days after the Last Order Date field. - Added the following fieldsLast Date DeliveredTotal CoursesCourses AvailableCourses Available Date On 1/4/2022 - Added Geocoded Address On 1/11/2022 - Added NPI - National Provider Identifier On 2/18/2022 - Added new therapeutics, Bebtelovimab & Sotrovimab. On 3/16/2022 - Dropped the following columns - last_order_date - last_date_delivered - total_courses - courses_available_dateAdded the following columns - facility_id - last_report_date - grantee_code - provider_pin - state_provider_pin"], "datePublished": ["N/A"], "language": ["N/A"], "creator": ["N/A"], "metadataProvider": ["N/A"], "contact": ["N/A"], "associatedParty": ["N/A"], "licenseInformation": ["N/A"], "downloadLink": ["N/A"], "keywords": ["covid-19 hhs-covid-19 theraputic-care"], "geographicCoverage": ["N/A"], "westBoundingCoordinate": ["N/A"], "eastBoundingCoordinate": ["N/A"], "northBoundingCoordinate": ["N/A"], "southBoundingCoordinate": ["N/A"], "dateCreated": ["N/A"], "temporalCoverageEndDate": ["N/A"], "license": ["N/A"], "distribution": ["N/A"], "distributionInfo": ["N/A"], "identifier": ["N/A"], "accessibilitySummary": ["N/A"], "version": ["N/A"], "temporalCoverage": ["N/A"], "publisher": ["N/A"], "spatial": ["N/A"], "citation": ["N/A"], "genre": ["N/A"], "modificationDate": ["N/A"], "image": ["N/A"], "thumbnailUrl": ["N/A"], "headline": ["COVID-19 Public Therapeutic Locator - CKAN"], "abstract": ["N/A"], "theme": ["N/A"], "creditText": ["N/A"], "producer": ["N/A"], "author": ["N/A"], "spatialCoverage": ["N/A"], "sponsor": ["N/A"], "size": ["N/A"], "sameAs": ["N/A"], "publication": ["N/A"], "provider": ["N/A"], "position": ["N/A"], "measurementTechnique": ["N/A"], "material": ["N/A"], "maintainer": ["N/A"], "locationCreated": ["N/A"], "issn": ["N/A"], "isPartOf": ["N/A"], "isBasedOn": ["N/A"], "isAccessibleForFree": ["N/A"], "includedInDataCatalog": ["N/A"], "editor": ["N/A"], "editEIDR": ["N/A"], "copyrightYear": ["N/A"], "copyrightNotice": ["N/A"], "copyrightHolder": ["N/A"], "contributor": ["N/A"], "contentReferenceTime": ["N/A"], "contentLocation": ["N/A"], "character": ["N/A"], "acquireLicensePage": ["N/A"], "accessModeSufficient": ["N/A"], "about": ["N/A"], "rights": ["N/A"], "relation": ["N/A"], "qualifiedRelation": ["N/A"], "qualifiedAttribution": ["N/A"], "previousVersion": ["N/A"], "nextVersion": ["N/A"], "landingPage": ["N/A"], "isReferencedBy": ["N/A"], "hasVersion": ["N/A"], "hasPolicy": ["N/A"], "hasCurrentVersion": ["N/A"], "useConstraints": ["N/A"], "status": ["N/A"], "spatialRepresentationType": ["N/A"], "scope": ["N/A"], "purpose": ["N/A"], "otherLocale": ["N/A"], "metadataProfile": ["N/A"], "metadataLinkage": ["N/A"], "metadataIdentifier": ["N/A"], "environmentDescription": ["N/A"], "contentInfo": ["N/A"], "ResearchInfrastructure": ["N/A"], "EssentialVariables": ["N/A"], "potentialTopics": ["N/A"]}