{"url": ["https://catalog.data.gov/dataset/provider-relief-fund-accelerated-and-advance-payments"], "name": ["Provider Relief Fund & Accelerated and Advance Payments - CKAN"], "description": ["We are releasing data that compares the HHS Provider Relief Fund and the CMS Accelerated and Advance Payments by State and provider as of May 15, 2020.This data is already available on other websites, but this chart brings the information together into one view for comparison.You can find additional information on the Accelerated and Advance Payments at the following links: Fact Sheet: https://www.cms.gov/files/document/Accelerated-and-Advanced-Payments-Fac.. Zip file on providers in each state: https://www.cms.gov/files/zip/accelerated-payment-provider-details-state.. Medicare Accelerated and Advance Payments State-by-State information and by Provider Type: https://www.cms.gov/files/document/covid-accelerated-and-advance-payment.. This file was assembled by HHS via CMS, HRSA and reviewed by leadership and compares the HHS Provider Relief Fund and the CMS Accelerated and Advance Payments by State and provider as of December 4, 2020. HHS Provider Relief Fund President Trump is providing support to healthcare providers fighting the coronavirus disease 2019 (COVID-19) pandemic through the bipartisan Coronavirus Aid, Relief, & Economic Security Act and the Paycheck Protection Program and Health Care Enhancement Act, which provide a total of $175 billion for relief funds to hospitals and other healthcare providers on the front lines of the COVID-19 response. This funding supports healthcare-related expenses or lost revenue attributable to COVID-19 and ensures uninsured Americans can get treatment for COVID-19. HHS is distributing this Provider Relief Fund money and these payments do not need to be repaid. The Department allocated $50 billion of the Provider Relief Fund for general distribution to Medicare facilities and providers impacted by COVID-19, based on eligible providers' net reimbursement. It allocated another $22 billion to providers in areas particularly impacted by the COVID-19 outbreak, rural providers, and providers who serve low-income populations and uninsured Americans.HHS will be allocating the remaining funds in the near future. As part of the Provider Relief Fund distribution, all providers have 45 days to attest that they meet certain criteria to keep the funding they received, including public disclosure.As of May 15, 2020, there has been a total of $34 billion in attested payments.The chart only includes those providers that have attested to the payments by that date.We will continue to update this information and add the additional providers and payments once their attestation is complete. CMS Accelerated and Advance Payments Program On March 28, 2020, to increase cash flow to providers of services and suppliers impacted by the coronavirus disease 2019 (COVID-19) pandemic, the Centers for Medicare & Medicaid Services (CMS) expanded the Accelerated and Advance Payment Program to a broader group of Medicare Part A providers and Part B suppliers. Beginning on April 26, 2020, CMS stopped accepting new applications for the Advance Payment Program, and CMS began reevaluating all pending and new applications for Accelerated Payments in light of the availability of direct payments made through HHS\u00e2\u0080\u0099s Provider Relief Fund. Since expanding the AAP program on March 28, 2020, CMS approved over 21,000 applications totaling $59.6 billion in payments to Part A providers, which includes hospitals, through May 18, 2020. For Part B suppliers\u00e2\u0080\u0094including doctors, non-physician practitioners and durable medical equipment suppliers\u00e2\u0080\u0094 during the same time period, CMS approved almost 24,000 applications advancing $40.4 billion in payments. The AAP program is not a grant, and providers and suppliers are required to repay the loan. Provider Relief Fund Data - https://data.cdc.gov/Administrative/Provider-Relief-Fund-COVID-19-High-I.."], "datePublished": ["N/A"], "language": ["N/A"], "creator": ["N/A"], "metadataProvider": ["N/A"], "contact": ["N/A"], "associatedParty": ["N/A"], "licenseInformation": ["N/A"], "downloadLink": ["N/A"], "keywords": ["accelerated-and-adv.. cares-act coronavirus covid-19 provider-relief-fund"], "geographicCoverage": ["N/A"], "westBoundingCoordinate": ["N/A"], "eastBoundingCoordinate": ["N/A"], "northBoundingCoordinate": ["N/A"], "southBoundingCoordinate": ["N/A"], "dateCreated": ["N/A"], "temporalCoverageEndDate": ["N/A"], "license": ["N/A"], "distribution": ["N/A"], "distributionInfo": ["N/A"], "identifier": ["N/A"], "accessibilitySummary": ["N/A"], "version": ["N/A"], "temporalCoverage": ["N/A"], "publisher": ["N/A"], "spatial": ["N/A"], "citation": ["N/A"], "genre": ["N/A"], "modificationDate": ["N/A"], "image": ["N/A"], "thumbnailUrl": ["N/A"], "headline": ["Provider Relief Fund & Accelerated and Advance Payments - CKAN"], "abstract": ["N/A"], "theme": ["N/A"], "creditText": ["N/A"], "producer": ["N/A"], "author": ["N/A"], "spatialCoverage": ["N/A"], "sponsor": ["N/A"], "size": ["N/A"], "sameAs": ["N/A"], "publication": ["N/A"], "provider": ["N/A"], "position": ["N/A"], "measurementTechnique": ["N/A"], "material": ["N/A"], "maintainer": ["N/A"], "locationCreated": ["N/A"], "issn": ["N/A"], "isPartOf": ["N/A"], "isBasedOn": ["N/A"], "isAccessibleForFree": ["N/A"], "includedInDataCatalog": ["N/A"], "editor": ["N/A"], "editEIDR": ["N/A"], "copyrightYear": ["N/A"], "copyrightNotice": ["N/A"], "copyrightHolder": ["N/A"], "contributor": ["N/A"], "contentReferenceTime": ["N/A"], "contentLocation": ["N/A"], "character": ["N/A"], "acquireLicensePage": ["N/A"], "accessModeSufficient": ["N/A"], "about": ["N/A"], "rights": ["N/A"], "relation": ["N/A"], "qualifiedRelation": ["N/A"], "qualifiedAttribution": ["N/A"], "previousVersion": ["N/A"], "nextVersion": ["N/A"], "landingPage": ["N/A"], "isReferencedBy": ["N/A"], "hasVersion": ["N/A"], "hasPolicy": ["N/A"], "hasCurrentVersion": ["N/A"], "useConstraints": ["N/A"], "status": ["N/A"], "spatialRepresentationType": ["N/A"], "scope": ["N/A"], "purpose": ["N/A"], "otherLocale": ["N/A"], "metadataProfile": ["N/A"], "metadataLinkage": ["N/A"], "metadataIdentifier": ["N/A"], "environmentDescription": ["N/A"], "contentInfo": ["N/A"], "ResearchInfrastructure": ["N/A"], "EssentialVariables": ["N/A"], "potentialTopics": ["N/A"]}