{"url": ["https://catalog.data.gov/dataset/covid-19-booster-dose-eligibility-in-the-united-states-cfca1"], "name": ["COVID-19 Booster Dose Eligibility in the United States - CKAN"], "description": ["This site provides historical data related to COVID-19 booster dose eligibility presented on two CDC COVID Data Tracker sites:\u00a0Vaccinations in the US\u00a0and\u00a0Vaccination Equity.\u00a0\u00a0Data are updated weekly on Wednesdays.Some COVID-19 vaccine recipients are\u00a0eligible to receive booster doses,\u00a0\u00a0and criteria for booster eligibility may change over time. Data and footnotes will be updated to align with the current recommendations.\u00a0\u00a0CDC counts people as having \u201creceived a booster dose\u201d if they are fully vaccinated and received another dose of any COVID-19 vaccine on or after August 13, 2021. This does not distinguish whether the recipient is\u00a0immunocompromised and received an additional doseData Limitations:\u00a0The booster eligibility metric excludes fully vaccinated recipients who have an \u201cOther\u201d primary series vaccine type.\u00e2\u0080\u00af\u00a0Booster eligibility counts and percentages exclude vaccine administrations reported by Texas as the primary series cannot be linked to booster dose in the aggregate data submitted by Texas.\u00a0Footnotes:CDC counts people as being \u201celigible to get a booster dose"], "datePublished": ["N/A"], "language": ["N/A"], "creator": ["N/A"], "metadataProvider": ["N/A"], "contact": ["N/A"], "associatedParty": ["N/A"], "licenseInformation": ["N/A"], "downloadLink": ["N/A"], "keywords": ["administration age coronavirus covid-19 demographics ethnicity immunization izdl race sex vaccination"], "geographicCoverage": ["N/A"], "westBoundingCoordinate": ["N/A"], "eastBoundingCoordinate": ["N/A"], "northBoundingCoordinate": ["N/A"], "southBoundingCoordinate": ["N/A"], "dateCreated": ["N/A"], "temporalCoverageEndDate": ["N/A"], "license": ["N/A"], "distribution": ["N/A"], "distributionInfo": ["N/A"], "identifier": ["N/A"], "accessibilitySummary": ["N/A"], "version": ["N/A"], "temporalCoverage": ["N/A"], "publisher": ["N/A"], "spatial": ["N/A"], "citation": ["N/A"], "genre": ["N/A"], "modificationDate": ["N/A"], "image": ["N/A"], "thumbnailUrl": ["N/A"], "headline": ["COVID-19 Booster Dose Eligibility in the United States - CKAN"], "abstract": ["N/A"], "theme": ["N/A"], "creditText": ["N/A"], "producer": ["N/A"], "author": ["N/A"], "spatialCoverage": ["N/A"], "sponsor": ["N/A"], "size": ["N/A"], "sameAs": ["N/A"], "publication": ["N/A"], "provider": ["N/A"], "position": ["N/A"], "measurementTechnique": ["N/A"], "material": ["N/A"], "maintainer": ["N/A"], "locationCreated": ["N/A"], "issn": ["N/A"], "isPartOf": ["N/A"], "isBasedOn": ["N/A"], "isAccessibleForFree": ["N/A"], "includedInDataCatalog": ["N/A"], "editor": ["N/A"], "editEIDR": ["N/A"], "copyrightYear": ["N/A"], "copyrightNotice": ["N/A"], "copyrightHolder": ["N/A"], "contributor": ["N/A"], "contentReferenceTime": ["N/A"], "contentLocation": ["N/A"], "character": ["N/A"], "acquireLicensePage": ["N/A"], "accessModeSufficient": ["N/A"], "about": ["N/A"], "rights": ["N/A"], "relation": ["N/A"], "qualifiedRelation": ["N/A"], "qualifiedAttribution": ["N/A"], "previousVersion": ["N/A"], "nextVersion": ["N/A"], "landingPage": ["N/A"], "isReferencedBy": ["N/A"], "hasVersion": ["N/A"], "hasPolicy": ["N/A"], "hasCurrentVersion": ["N/A"], "useConstraints": ["N/A"], "status": ["N/A"], "spatialRepresentationType": ["N/A"], "scope": ["N/A"], "purpose": ["N/A"], "otherLocale": ["N/A"], "metadataProfile": ["N/A"], "metadataLinkage": ["N/A"], "metadataIdentifier": ["N/A"], "environmentDescription": ["N/A"], "contentInfo": ["N/A"], "ResearchInfrastructure": ["N/A"], "EssentialVariables": ["N/A"], "potentialTopics": ["N/A"]}