{"url": ["https://catalog.data.gov/dataset/hcup-state-inpatient-databases-sid-restricted-access-file"], "name": ["HCUP State Inpatient Databases (SID) - Restricted Access File - CKAN"], "description": ["The State Inpatient Databases (SID) contain the universe of hospital inpatient discharge abstracts in States participating in HCUP that release their data through the HCUP Central Distributor.Restricted access data files are available with a data use agreement and brief online security training. The data are translated into a uniform format to facilitate multi-State comparisons and analyses.The SID are based on data from short term, acute care, nonfederal hospitals.Some States include discharges from specialty facilities, such as acute psychiatric hospitals.The SID include all patients, regardless of payer, e.g., persons covered by Medicare, Medicaid, private insurance, and the uninsured. The SID contain clinical and resource use information included in a typical discharge abstract, with safeguards to protect the privacy of individual patients, physicians, and hospitals (as required by data sources).Data elements include but are not limited to: diagnoses, procedures, admission and discharge status, patient demographics (e.g., gender, age), total charges, length of stay, and expected payment source (e.g., Medicare, Medicaid, private insurance, self-pay; for some States, additional discrete payer categories, such as managed care).In addition to the core set of uniform data elements common to all SID, some include State-specific data elements, such as the patient's race. The SID exclude data elements that could directly or indirectly identify individuals.For some States, hospital and county identifiers are included that permit linkage to the American Hospital Association Annual Survey File and the Area Resource File."], "datePublished": ["N/A"], "language": ["N/A"], "creator": ["N/A"], "metadataProvider": ["N/A"], "contact": ["N/A"], "associatedParty": ["N/A"], "licenseInformation": ["N/A"], "downloadLink": ["N/A"], "keywords": ["claims community-health diagnoses epidemiology hcup health-care health-care-cost health-care-providers health-statistics hospital inpatient procedures utilization"], "geographicCoverage": ["N/A"], "westBoundingCoordinate": ["N/A"], "eastBoundingCoordinate": ["N/A"], "northBoundingCoordinate": ["N/A"], "southBoundingCoordinate": ["N/A"], "dateCreated": ["N/A"], "temporalCoverageEndDate": ["N/A"], "license": ["N/A"], "distribution": ["N/A"], "distributionInfo": ["N/A"], "identifier": ["N/A"], "accessibilitySummary": ["N/A"], "version": ["N/A"], "temporalCoverage": ["N/A"], "publisher": ["N/A"], "spatial": ["N/A"], "citation": ["N/A"], "genre": ["N/A"], "modificationDate": ["N/A"], "image": ["N/A"], "thumbnailUrl": ["N/A"], "headline": ["HCUP State Inpatient Databases (SID) - Restricted Access File - CKAN"], "abstract": ["N/A"], "theme": ["N/A"], "creditText": ["N/A"], "producer": ["N/A"], "author": ["N/A"], "spatialCoverage": ["N/A"], "sponsor": ["N/A"], "size": ["N/A"], "sameAs": ["N/A"], "publication": ["N/A"], "provider": ["N/A"], "position": ["N/A"], "measurementTechnique": ["N/A"], "material": ["N/A"], "maintainer": ["N/A"], "locationCreated": ["N/A"], "issn": ["N/A"], "isPartOf": ["N/A"], "isBasedOn": ["N/A"], "isAccessibleForFree": ["N/A"], "includedInDataCatalog": ["N/A"], "editor": ["N/A"], "editEIDR": ["N/A"], "copyrightYear": ["N/A"], "copyrightNotice": ["N/A"], "copyrightHolder": ["N/A"], "contributor": ["N/A"], "contentReferenceTime": ["N/A"], "contentLocation": ["N/A"], "character": ["N/A"], "acquireLicensePage": ["N/A"], "accessModeSufficient": ["N/A"], "about": ["N/A"], "rights": ["N/A"], "relation": ["N/A"], "qualifiedRelation": ["N/A"], "qualifiedAttribution": ["N/A"], "previousVersion": ["N/A"], "nextVersion": ["N/A"], "landingPage": ["N/A"], "isReferencedBy": ["N/A"], "hasVersion": ["N/A"], "hasPolicy": ["N/A"], "hasCurrentVersion": ["N/A"], "useConstraints": ["N/A"], "status": ["N/A"], "spatialRepresentationType": ["N/A"], "scope": ["N/A"], "purpose": ["N/A"], "otherLocale": ["N/A"], "metadataProfile": ["N/A"], "metadataLinkage": ["N/A"], "metadataIdentifier": ["N/A"], "environmentDescription": ["N/A"], "contentInfo": ["N/A"], "ResearchInfrastructure": ["N/A"], "EssentialVariables": ["N/A"], "potentialTopics": ["N/A"]}