{"url": ["https://catalog.data.gov/dataset/washington-dc-metropolitan-area-drug-study-homeless-and-transient-population-dc-madst-1991"], "name": ["WashingtonDCMetropolitan Area Drug Study Homeless and Transient Population (DC-MADST-1991) - CKAN"], "description": ["The DC Metropolitan Area Drug Study (DCMADS) was conducted in 1991, and included special analyses of homeless and transient populations and of women delivering live births in the DC hospitals. DCMADS was undertaken to assess the full extent of the drug problem in one metropolitan area. The study was comprised of 16 separate studies that focused on different sub-groups, many of which are typically not included or are underrepresented in household surveys. The Homeless and Transient Population study examines the prevalence of illicit drug, alcohol, and tobacco use among members of the homeless and transient population aged 12 and older in the Washington, DC, Metropolitan Statistical Area (DC MSA). The sample frame included respondents from shelters, soup kitchens and food banks, major cluster encampments, and literally homeless people. Data from the questionnaires include history of homelessness, living arrangements and population movement, tobacco, drug, and alcohol use, consequences of use, treatment history, illegal behavior and arrest, emergency room treatment and hospital stays, physical and mental health, pregnancy, insurance, employment and finances, and demographics. Drug specific data include age at first use, route of administration, needle use, withdrawal symptoms, polysubstance use, and perceived risk.This study has 1 Data Set."], "datePublished": ["N/A"], "language": ["N/A"], "creator": ["N/A"], "metadataProvider": ["N/A"], "contact": ["N/A"], "associatedParty": ["N/A"], "licenseInformation": ["N/A"], "downloadLink": ["N/A"], "keywords": ["arrests cocaine crack-cocaine demographic-charact.. drug-abuse drug-related-crimes drug-use drugs employment hallucinogens health-insurance heroin homeless-persons inhalants living-arrangements marijuana mental-health mental-health-treat.. methamphetamines physical-health population-characte.. pregnancy prescription-drugs sedatives smoking stimulants substance-abuse-tre.. urban-population"], "geographicCoverage": ["N/A"], "westBoundingCoordinate": ["N/A"], "eastBoundingCoordinate": ["N/A"], "northBoundingCoordinate": ["N/A"], "southBoundingCoordinate": ["N/A"], "dateCreated": ["N/A"], "temporalCoverageEndDate": ["N/A"], "license": ["N/A"], "distribution": ["N/A"], "distributionInfo": ["N/A"], "identifier": ["N/A"], "accessibilitySummary": ["N/A"], "version": ["N/A"], "temporalCoverage": ["N/A"], "publisher": ["N/A"], "spatial": ["N/A"], "citation": ["N/A"], "genre": ["N/A"], "modificationDate": ["N/A"], "image": ["N/A"], "thumbnailUrl": ["N/A"], "headline": ["WashingtonDCMetropolitan Area Drug Study Homeless and Transient Population (DC-MADST-1991) - CKAN"], "abstract": ["N/A"], "theme": ["N/A"], "creditText": ["N/A"], "producer": ["N/A"], "author": ["N/A"], "spatialCoverage": ["N/A"], "sponsor": ["N/A"], "size": ["N/A"], "sameAs": ["N/A"], "publication": ["N/A"], "provider": ["N/A"], "position": ["N/A"], "measurementTechnique": ["N/A"], "material": ["N/A"], "maintainer": ["N/A"], "locationCreated": ["N/A"], "issn": ["N/A"], "isPartOf": ["N/A"], "isBasedOn": ["N/A"], "isAccessibleForFree": ["N/A"], "includedInDataCatalog": ["N/A"], "editor": ["N/A"], "editEIDR": ["N/A"], "copyrightYear": ["N/A"], "copyrightNotice": ["N/A"], "copyrightHolder": ["N/A"], "contributor": ["N/A"], "contentReferenceTime": ["N/A"], "contentLocation": ["N/A"], "character": ["N/A"], "acquireLicensePage": ["N/A"], "accessModeSufficient": ["N/A"], "about": ["N/A"], "rights": ["N/A"], "relation": ["N/A"], "qualifiedRelation": ["N/A"], "qualifiedAttribution": ["N/A"], "previousVersion": ["N/A"], "nextVersion": ["N/A"], "landingPage": ["N/A"], "isReferencedBy": ["N/A"], "hasVersion": ["N/A"], "hasPolicy": ["N/A"], "hasCurrentVersion": ["N/A"], "useConstraints": ["N/A"], "status": ["N/A"], "spatialRepresentationType": ["N/A"], "scope": ["N/A"], "purpose": ["N/A"], "otherLocale": ["N/A"], "metadataProfile": ["N/A"], "metadataLinkage": ["N/A"], "metadataIdentifier": ["N/A"], "environmentDescription": ["N/A"], "contentInfo": ["N/A"], "ResearchInfrastructure": ["N/A"], "EssentialVariables": ["N/A"], "potentialTopics": ["N/A"]}