{"url": ["https://catalog.data.gov/dataset/covid-19-reported-patient-impact-and-hospital-capacity-by-state-b528c"], "name": ["COVID-19 Reported Patient Impact and Hospital Capacity by State - CKAN"], "description": ["The following dataset provides state-aggregated data for hospital utilization. These are derived from reports with facility-level granularity across two main sources: (1) HHS TeleTracking, and (2) reporting provided directly to HHS Protect by state/territorial health departments on behalf of their healthcare facilities. The file will be updated daily and provides the latest values reported by each facility within the last four days. This allows for a more comprehensive picture of the hospital utilization within a state by ensuring a hospital is represented, even if they miss a single day of reporting. No statistical analysis is applied to account for non-response and/or to account for missing data. The below table displays one value for each field (i.e., column). Sometimes, reports for a given facility will be provided to both HHS TeleTracking and HHS Protect. When this occurs, to ensure that there are not duplicate reports, deduplication is applied: specifically, HHS selects the TeleTracking record provided directly by the facility over the state-provided data to HHS Protect. On April 29, 2021, this data set has had the following fields added: previous_day_admission_adult_covid_confirmed_18-19 previous_day_admission_adult_covid_confirmed_18-19_coverage previous_day_admission_adult_covid_confirmed_20-29_coverage previous_day_admission_adult_covid_confirmed_30-39 previous_day_admission_adult_covid_confirmed_30-39_coverage previous_day_admission_adult_covid_confirmed_40-49 previous_day_admission_adult_covid_confirmed_40-49_coverage previous_day_admission_adult_covid_confirmed_40-49_coverage previous_day_admission_adult_covid_confirmed_50-59 previous_day_admission_adult_covid_confirmed_50-59_coverage previous_day_admission_adult_covid_confirmed_60-69 previous_day_admission_adult_covid_confirmed_60-69_coverage previous_day_admission_adult_covid_confirmed_70-79 previous_day_admission_adult_covid_confirmed_70-79_coverage previous_day_admission_adult_covid_confirmed_80+ previous_day_admission_adult_covid_confirmed_80+_coverage previous_day_admission_adult_covid_confirmed_unknown previous_day_admission_adult_covid_confirmed_unknown_coverage previous_day_admission_adult_covid_suspected_18-19 previous_day_admission_adult_covid_suspected_18-19_coverage previous_day_admission_adult_covid_suspected_20-29 previous_day_admission_adult_covid_suspected_20-29_coverage previous_day_admission_adult_covid_suspected_30-39 previous_day_admission_adult_covid_suspected_30-39_coverage previous_day_admission_adult_covid_suspected_40-49 previous_day_admission_adult_covid_suspected_40-49_coverage previous_day_admission_adult_covid_suspected_50-59 previous_day_admission_adult_covid_suspected_50-59_coverage previous_day_admission_adult_covid_suspected_60-69 previous_day_admission_adult_covid_suspected_60-69_coverage previous_day_admission_adult_covid_suspected_70-79 previous_day_admission_adult_covid_suspected_70-79_coverage previous_day_admission_adult_covid_suspected_80+ previous_day_admission_adult_covid_suspected_80+_coverage previous_day_admission_adult_covid_suspected_unknown previous_day_admission_adult_covid_suspected_unknown_coverage On June 30, 2021, this data set has had the following fields added: deaths_covid deaths_covid_coverage On September 13, 2021, this data set has had the following fields added: on_hand_supply_therapeutic_a_casirivimab_imdevimab_courses, on_hand_supply_therapeutic_b_bamlanivimab_courses, on_hand_supply_therapeutic_c_bamlanivimab_etesevimab_courses, previous_week_therapeutic_a_casirivimab_imdevimab_courses_used, previous_week_therapeutic_b_bamlanivimab_courses_used, previous_week_therapeutic_c_bamlanivimab_etesevimab_courses_used On September 17, 2021, this data set has had the following fields added: icu_patients_confirmed_influenza, icu_patients_confirmed_influenza_coverage, previous_day_admission_influenza_confirmed, previous_day_admission_infl"], "datePublished": ["N/A"], "language": ["N/A"], "creator": ["N/A"], "metadataProvider": ["N/A"], "contact": ["N/A"], "associatedParty": ["N/A"], "licenseInformation": ["N/A"], "downloadLink": ["N/A"], "keywords": ["covid covid-19 covid19 hhs-covid-19"], "geographicCoverage": ["N/A"], "westBoundingCoordinate": ["N/A"], "eastBoundingCoordinate": ["N/A"], "northBoundingCoordinate": ["N/A"], "southBoundingCoordinate": ["N/A"], "dateCreated": ["N/A"], "temporalCoverageEndDate": ["N/A"], "license": ["N/A"], "distribution": ["N/A"], "distributionInfo": ["N/A"], "identifier": ["N/A"], "accessibilitySummary": ["N/A"], "version": ["N/A"], "temporalCoverage": ["N/A"], "publisher": ["N/A"], "spatial": ["N/A"], "citation": ["N/A"], "genre": ["N/A"], "modificationDate": ["N/A"], "image": ["N/A"], "thumbnailUrl": ["N/A"], "headline": ["COVID-19 Reported Patient Impact and Hospital Capacity by State - CKAN"], "abstract": ["N/A"], "theme": ["N/A"], "creditText": ["N/A"], "producer": ["N/A"], "author": ["N/A"], "spatialCoverage": ["N/A"], "sponsor": ["N/A"], "size": ["N/A"], "sameAs": ["N/A"], "publication": ["N/A"], "provider": ["N/A"], "position": ["N/A"], "measurementTechnique": ["N/A"], "material": ["N/A"], "maintainer": ["N/A"], "locationCreated": ["N/A"], "issn": ["N/A"], "isPartOf": ["N/A"], "isBasedOn": ["N/A"], "isAccessibleForFree": ["N/A"], "includedInDataCatalog": ["N/A"], "editor": ["N/A"], "editEIDR": ["N/A"], "copyrightYear": ["N/A"], "copyrightNotice": ["N/A"], "copyrightHolder": ["N/A"], "contributor": ["N/A"], "contentReferenceTime": ["N/A"], "contentLocation": ["N/A"], "character": ["N/A"], "acquireLicensePage": ["N/A"], "accessModeSufficient": ["N/A"], "about": ["N/A"], "rights": ["N/A"], "relation": ["N/A"], "qualifiedRelation": ["N/A"], "qualifiedAttribution": ["N/A"], "previousVersion": ["N/A"], "nextVersion": ["N/A"], "landingPage": ["N/A"], "isReferencedBy": ["N/A"], "hasVersion": ["N/A"], "hasPolicy": ["N/A"], "hasCurrentVersion": ["N/A"], "useConstraints": ["N/A"], "status": ["N/A"], "spatialRepresentationType": ["N/A"], "scope": ["N/A"], "purpose": ["N/A"], "otherLocale": ["N/A"], "metadataProfile": ["N/A"], "metadataLinkage": ["N/A"], "metadataIdentifier": ["N/A"], "environmentDescription": ["N/A"], "contentInfo": ["N/A"], "ResearchInfrastructure": ["N/A"], "EssentialVariables": ["N/A"], "potentialTopics": ["N/A"]}