{"url": ["https://catalog.data.gov/dataset/examination-of-resident-abuse-in-assisted-living-facilities-in-the-united-states-2011"], "name": ["Examination of Resident Abuse in Assisted Living Facilities in the United States, 2011 - CKAN"], "description": ["These data are part of NACJD's Fast Track Release and are distributed as they were received from the data depositor. The files have been zipped by NACJD for release, but not checked or processed except for the removal of direct identifiers. Users should refer to the accompanying readme file for a brief description of the files available with this collection and consult the investigator(s) if further information is needed.The purpose of the study was to: Examine resident abuse from staff report by direct care workers in a nationally representative sample of assisted living settings;Expand the scope of our understanding of resident abuse by including medication abuse in assisted living settings; and Use the data collected to examine: a. rates of abuse; b. the association of external organizational, and internal factors with resident abuse; c. direct care worker characteristics associated with abuse; d. resident characteristics associated with abuse; e. leadership characteristics associated with abuse; f. the inter-correlations of different types of abuse; and, g. resident-to-resident abuse.For the purposes of this research, an assisted living facility is defined as a long term care setting that typically provides residents for activities of daily living and instrumental activities of daily living. Using state listings from websites, researchers identified approximately 21,000 of assisting living facilities. A random sample of approximately seven percent (n=1,500) of these eligible assisted living facilities were selected from all 50 states. Administrators of assisted living facilities were asked if they were willing to complete the questionnaire (n=1,376). Administrators were also asked if they would be willing to distribute the questionnaire to direct care workers (n=12,555). Researchers requested that they distribute the survey to all full-time and part-time direct care workers on all shifts. Follow up reminder mailings and emails were used for the administrators."], "datePublished": ["N/A"], "language": ["N/A"], "creator": ["N/A"], "metadataProvider": ["N/A"], "contact": ["N/A"], "associatedParty": ["N/A"], "licenseInformation": ["N/A"], "downloadLink": ["N/A"], "keywords": ["abuse assisted-living-fac.. elder-abuse emotional-abuse sexual-abuse"], "geographicCoverage": ["N/A"], "westBoundingCoordinate": ["N/A"], "eastBoundingCoordinate": ["N/A"], "northBoundingCoordinate": ["N/A"], "southBoundingCoordinate": ["N/A"], "dateCreated": ["N/A"], "temporalCoverageEndDate": ["N/A"], "license": ["N/A"], "distribution": ["N/A"], "distributionInfo": ["N/A"], "identifier": ["N/A"], "accessibilitySummary": ["N/A"], "version": ["N/A"], "temporalCoverage": ["N/A"], "publisher": ["N/A"], "spatial": ["N/A"], "citation": ["N/A"], "genre": ["N/A"], "modificationDate": ["N/A"], "image": ["N/A"], "thumbnailUrl": ["N/A"], "headline": ["Examination of Resident Abuse in Assisted Living Facilities in the United States, 2011 - CKAN"], "abstract": ["N/A"], "theme": ["N/A"], "creditText": ["N/A"], "producer": ["N/A"], "author": ["N/A"], "spatialCoverage": ["N/A"], "sponsor": ["N/A"], "size": ["N/A"], "sameAs": ["N/A"], "publication": ["N/A"], "provider": ["N/A"], "position": ["N/A"], "measurementTechnique": ["N/A"], "material": ["N/A"], "maintainer": ["N/A"], "locationCreated": ["N/A"], "issn": ["N/A"], "isPartOf": ["N/A"], "isBasedOn": ["N/A"], "isAccessibleForFree": ["N/A"], "includedInDataCatalog": ["N/A"], "editor": ["N/A"], "editEIDR": ["N/A"], "copyrightYear": ["N/A"], "copyrightNotice": ["N/A"], "copyrightHolder": ["N/A"], "contributor": ["N/A"], "contentReferenceTime": ["N/A"], "contentLocation": ["N/A"], "character": ["N/A"], "acquireLicensePage": ["N/A"], "accessModeSufficient": ["N/A"], "about": ["N/A"], "rights": ["N/A"], "relation": ["N/A"], "qualifiedRelation": ["N/A"], "qualifiedAttribution": ["N/A"], "previousVersion": ["N/A"], "nextVersion": ["N/A"], "landingPage": ["N/A"], "isReferencedBy": ["N/A"], "hasVersion": ["N/A"], "hasPolicy": ["N/A"], "hasCurrentVersion": ["N/A"], "useConstraints": ["N/A"], "status": ["N/A"], "spatialRepresentationType": ["N/A"], "scope": ["N/A"], "purpose": ["N/A"], "otherLocale": ["N/A"], "metadataProfile": ["N/A"], "metadataLinkage": ["N/A"], "metadataIdentifier": ["N/A"], "environmentDescription": ["N/A"], "contentInfo": ["N/A"], "ResearchInfrastructure": ["N/A"], "EssentialVariables": ["N/A"], "potentialTopics": ["N/A"]}